1,Charles,PERSON,0,0,0
1,Elizabeth,PERSON,0,0,0
1,Jane,PERSON,0,0,0
1,Lydia,PERSON,0,0,0
1,Fitzwilliam,PERSON,0,0,0
2,Charles,PERSON,1,0,0
2,Charles,PERSON,0.011168168,0.300000012,0.300000012
2,Charles,PERSON,0.55495739,0.100000001,0.200000003
2,Charles,PERSON,0.776571035,0.100000001,0.699999988
2,Elizabeth,PERSON,0.019486479,0.200000003,0.200000003
2,Elizabeth,PERSON,0.699445248,0.200000003,0.800000012
2,Jane,PERSON,0.023125691,0.200000003,0.200000003
2,Lydia,PERSON,0.017461006,0.300000012,0.300000012
2,Elizabeth,PERSON,0.349150538,0,0
3,Charles,PERSON,0.03505921,0.100000001,0.100000001
3,Charles,PERSON,0.658395112,0.200000003,0.200000003
3,Elizabeth,PERSON,0.341604918,0.100000001,0.100000001
3,Charles,PERSON,0.150505632,0,0
3,Elizabeth,PERSON,0.169478238,0,0
3,Elizabeth,PERSON,0.016846059,0,0
3,Charles,PERSON,0.091443829,0.200000003,0.200000003
3,Charles,PERSON,0.04336074,0,0
3,Charles,PERSON,0.115780637,-0.5,0.5
3,Lydia,PERSON,0.012341604,0,0
3,Charles,PERSON,0.008641296,0,0
3,Lydia,PERSON,0.93854636,0.200000003,0.800000012
4,Charles,PERSON,0.043348078,0.100000001,0.300000012
4,Charles,PERSON,0.569438577,0.100000001,0.800000012
4,Charles,PERSON,0.10437531,0,0.100000001
4,Charles,PERSON,0.217006937,0.400000006,2
4,Fitzwilliam,LOCATION,0.003532261,0,0
4,Charles,PERSON,0.415341079,0,0.100000001
4,Fitzwilliam,PERSON,0.235619783,-0.200000003,2.700000048
4,Caroline,PERSON,0.004971317,0,0
4,Elizabeth,PERSON,0.332909405,0,0
4,Fitzwilliam,LOCATION,0.03951785,0,0
4,Charles,PERSON,0.012119657,0,0
4,Charles,PERSON,0.837284267,0.100000001,0.699999988
4,Fitzwilliam,PERSON,0.140931353,0,0
4,Elizabeth,PERSON,0.352715522,0,0
4,Elizabeth,PERSON,0.364376783,0.200000003,1
4,Charles,PERSON,0.248104557,0.100000001,0.200000003
4,Fitzwilliam,PERSON,0.145556197,0,0
4,Charles,PERSON,0.120792568,0,0.100000001
4,Jane,PERSON,0.106285915,0.300000012,1
4,Lydia,PERSON,0.00540245,0.100000001,0.100000001
4,Elizabeth,PERSON,0.005348418,0.699999988,0.699999988
4,Caroline,PERSON,0.005336444,0.200000003,0.200000003
4,Jane,PERSON,0.275739133,0.100000001,1.200000048
4,Charles,PERSON,0.111562088,0,0.600000024
4,Elizabeth,PERSON,0.002515495,0.100000001,0.100000001
4,Fitzwilliam,LOCATION,0.036523536,-0.300000012,0.300000012
4,Elizabeth,PERSON,0.046568625,-0.200000003,0.200000003
5,Charles,PERSON,0.157712176,0.100000001,0.300000012
5,Elizabeth,PERSON,0.116908252,0,0
5,Jane,PERSON,0.054617949,0,0
5,Elizabeth,PERSON,0.133638442,0.100000001,0.100000001
5,Elizabeth,PERSON,1,0.100000001,0.100000001
5,Caroline,PERSON,0.42469281,0,0.100000001
5,Elizabeth,PERSON,0.332744151,0,0.100000001
5,Charles,PERSON,0.564272761,0,0.400000006
5,Charles,PERSON,0.068484046,0.200000003,0.600000024
5,Caroline,PERSON,0.02877304,0,0
5,Charles,PERSON,0.406173348,0,2.900000095
5,Fitzwilliam,LOCATION,0.147314593,0.100000001,1.5
5,Charles,PERSON,0.355728716,0.200000003,2.400000095
5,Fitzwilliam,LOCATION,0.004656758,-0.400000006,0.400000006
6,Elizabeth,PERSON,0.012148731,0.400000006,0.400000006
6,Charlotte,LOCATION,0.1761069,0,0
6,Charles,PERSON,0.044444837,0.200000003,0.200000003
6,Jane,PERSON,0.823807597,0,0
6,Elizabeth,PERSON,0.346114159,0,0
6,Charlotte,LOCATION,0.081016682,0,0
6,Fitzwilliam,LOCATION,0.051366199,0,0
6,Elizabeth,PERSON,0.0273306,-0.100000001,0.100000001
6,Jane,PERSON,0.565423131,0.100000001,0.200000003
6,Fitzwilliam,LOCATION,0.061279703,0.200000003,0.200000003
6,Jane,PERSON,0.650913358,0,0
6,Caroline,PERSON,0.216644973,0,0
6,Elizabeth,PERSON,0.025763713,0,0
6,Elizabeth,PERSON,0.376493573,-0.100000001,0.100000001
6,Elizabeth,PERSON,0.80554533,0.100000001,0.300000012
6,Fitzwilliam,LOCATION,0.082340606,0.100000001,0.100000001
7,Jane,PERSON,0.097791784,0.100000001,1.200000048
7,Elizabeth,PERSON,0.050737016,0.100000001,0.5
7,Caroline,PERSON,0.006826953,0,0
7,Charlotte,LOCATION,0.532545388,0,0
7,Charles,PERSON,0.017789137,0,0.200000003
7,Elizabeth,PERSON,0.422734976,0,0
7,Jane,PERSON,0.367469788,0,0
7,Jane,PERSON,0.615759432,0.100000001,0.699999988
7,Charles,PERSON,0.271023691,0,0.100000001
7,Elizabeth,PERSON,0.255465746,0.100000001,0.400000006
7,Jane,PERSON,0.068288237,0,0.899999976
7,Jane,PERSON,0.260947317,0.100000001,0.400000006
7,Charlotte,LOCATION,0.071239226,0.100000001,0.100000001
7,Charlotte,LOCATION,0.783224344,0,0
7,Fitzwilliam,PERSON,0.241731286,0,2.099999905
7,Elizabeth,PERSON,0.163544908,0,0.200000003
7,Charles,PERSON,0.085905343,0,0.100000001
7,Fitzwilliam,LOCATION,0.357497841,0,0
7,Charlotte,LOCATION,0.289169997,0,0
7,Fitzwilliam,LOCATION,0.07474374,0,0
7,Elizabeth,PERSON,0.008369698,0,0
7,Fitzwilliam,LOCATION,0.459986806,0,0
7,Elizabeth,PERSON,0.006279123,0,0
7,Fitzwilliam,LOCATION,0.002406027,0.100000001,0.100000001
7,Elizabeth,PERSON,0.004292286,0.400000006,0.400000006
7,Fitzwilliam,PERSON,0.468615115,0,0
7,Fitzwilliam,LOCATION,0.075726323,0.400000006,0.400000006
7,Charles,PERSON,0.012589345,0,0
7,Fitzwilliam,LOCATION,0.006270252,0,0
7,Fitzwilliam,PERSON,1,-0.100000001,0.100000001
7,Elizabeth,PERSON,0.379676133,0,0
7,Fitzwilliam,LOCATION,0.740085661,0,0.100000001
7,Elizabeth,PERSON,0.118960492,0.100000001,0.100000001
7,Fitzwilliam,LOCATION,0.257427782,0,0
7,Elizabeth,PERSON,0.146888062,0,0.100000001
7,Elizabeth,PERSON,0.124299996,0,0
7,Fitzwilliam,LOCATION,0.614736497,0.300000012,0.300000012
7,Elizabeth,PERSON,0.05090386,0.200000003,0.200000003
7,Elizabeth,PERSON,0.251146108,0.100000001,0.100000001
7,Elizabeth,PERSON,0.839272022,0,0.100000001
7,Caroline,PERSON,0.010536464,0,0
7,Caroline,PERSON,0.54443413,0.100000001,0.300000012
7,Fitzwilliam,PERSON,0.016669838,0.699999988,0.699999988
7,Elizabeth,PERSON,1,0,0
7,Caroline,PERSON,0.564820945,0.100000001,0.300000012
7,Elizabeth,PERSON,0.228722289,0,0
8,Lydia,PERSON,0.004000866,0,0
8,Charles,PERSON,0.002474755,-0.200000003,0.200000003
8,Lydia,PERSON,0.410215408,0.100000001,0.300000012
8,Lydia,PERSON,0.472377568,0,0
8,Jane,PERSON,0.028964035,0,0
8,Jane,PERSON,0.948801517,0,0.200000003
8,Caroline,PERSON,0.603954971,0,0
8,Jane,PERSON,0.396045029,0,0
8,Caroline,PERSON,1,0,0
8,Lydia,PERSON,0.571840525,-0.100000001,0.400000006
8,Jane,PERSON,0.817628562,0,0
8,Elizabeth,PERSON,0.082291931,0,0
8,Charles,PERSON,0.136227757,0,0
8,Elizabeth,PERSON,0.647660196,0,0
8,Jane,PERSON,0.677325785,0,1.200000048
8,Elizabeth,PERSON,0.004682466,-0.100000001,0.100000001
8,Elizabeth,PERSON,0.041202217,0,0
8,Charles,PERSON,0.019680267,0,0
8,Elizabeth,PERSON,0.767302275,0,0.100000001
8,Jane,PERSON,1,0.300000012,0.300000012
8,Elizabeth,PERSON,0.152175263,0,0
8,Lydia,PERSON,0.216342106,0,0
8,Elizabeth,PERSON,0.096799687,0.300000012,0.300000012
8,Lydia,PERSON,0.089972116,0,0
8,Elizabeth,PERSON,0.308697075,0,0.100000001
8,Elizabeth,PERSON,0.064046994,0,0.5
8,Jane,PERSON,0.060487855,0.100000001,0.100000001
8,Caroline,PERSON,0.007527054,0,0
8,Fitzwilliam,PERSON,0.002128472,-0.200000003,0.200000003
8,Jane,PERSON,0.497766912,0.300000012,2.700000048
8,Elizabeth,PERSON,0.097004175,0.200000003,0.800000012
8,Caroline,PERSON,0.005515324,0.400000006,0.400000006
8,Elizabeth,PERSON,0.367279708,0.100000001,0.899999976
8,Jane,PERSON,0.022255778,0.300000012,0.300000012
8,Elizabeth,PERSON,0.386135161,0,0.400000006
8,Caroline,PERSON,0.366216213,0,0
8,Jane,PERSON,0.038433082,0,0
9,Elizabeth,PERSON,0.452179492,-0.200000003,1.100000024
9,Jane,PERSON,0.016887657,0,0.5
9,Charles,PERSON,0.008400249,-0.400000006,0.400000006
9,Jane,PERSON,0.170637354,0,0.200000003
9,Caroline,PERSON,0.029780073,0,0
9,Fitzwilliam,LOCATION,0.002996489,0,0
9,Elizabeth,PERSON,0.000990641,0,0
9,Caroline,PERSON,0.618690968,-0.600000024,2.700000048
9,Jane,PERSON,0.034294367,-0.5,0.5
9,Charles,PERSON,0.539320767,0,0.699999988
9,Elizabeth,PERSON,0.179282874,0.100000001,0.899999976
9,Caroline,PERSON,0.837247849,0,0
9,Fitzwilliam,LOCATION,0.072103202,0,0
9,Charles,PERSON,0.082130425,0.300000012,0.300000012
9,Caroline,PERSON,0.60680598,0,0
9,Fitzwilliam,LOCATION,0.08466199,0,0
9,Jane,PERSON,0.782158136,0.400000006,1.600000024
9,Charles,PERSON,0.181967869,0,0
9,Fitzwilliam,LOCATION,0.701816499,-0.200000003,0.400000006
9,Charles,PERSON,0.261834741,0,0.100000001
9,Elizabeth,PERSON,0.453419,-0.100000001,2.700000048
9,Elizabeth,PERSON,0.738434911,0.300000012,1.399999976
9,Caroline,PERSON,0.095303699,-0.100000001,0.100000001
9,Elizabeth,PERSON,0.714953244,-0.200000003,0.899999976
9,Charles,PERSON,0.670671463,0.100000001,0.300000012
9,Elizabeth,PERSON,0.624611735,0.200000003,0.699999988
9,Elizabeth,PERSON,0.913460553,0.200000003,0.699999988
9,Caroline,PERSON,0.756852567,0,0
9,Fitzwilliam,LOCATION,0.011050467,0.699999988,0.699999988
9,Charles,PERSON,0.067207962,0.100000001,0.100000001
9,Fitzwilliam,LOCATION,0.02226424,0.300000012,0.300000012
9,Charles,PERSON,0.166651145,0.200000003,0.200000003
9,Caroline,PERSON,0.253905088,0,0
9,Elizabeth,PERSON,0.547237813,0,0
9,Charles,PERSON,0.090157032,0,0
9,Caroline,PERSON,0.562625885,0,0.100000001
9,Elizabeth,PERSON,0.639129281,0,0
9,Charles,PERSON,0.537519395,0.100000001,0.200000003
9,Charles,PERSON,0.21262826,0.100000001,0.100000001
9,Fitzwilliam,PERSON,0.044715963,0,0
9,Caroline,PERSON,1,0,0
9,Elizabeth,PERSON,0.300177306,0,0
9,Fitzwilliam,PERSON,0.239281073,0,0
9,Caroline,PERSON,0.072926752,-0.200000003,0.200000003
9,Elizabeth,PERSON,0.004798592,0,0
9,Elizabeth,PERSON,0.34597683,0,0.100000001
9,Caroline,PERSON,0.328094423,0,0
9,Fitzwilliam,LOCATION,0.252202004,0,0
9,Caroline,PERSON,0.566249192,-0.600000024,0.600000024
9,Elizabeth,PERSON,0.372415394,-0.200000003,1.200000048
9,Charles,PERSON,0.076035812,-0.100000001,1.200000048
10,Elizabeth,PERSON,0.520011663,0,0.300000012
10,Charles,PERSON,0.008531684,0,0
10,Jane,PERSON,0.001633175,0,0
10,Jane,PERSON,0.0183382,0,0.100000001
10,Charles,PERSON,0.002327757,-0.100000001,0.100000001
10,Caroline,PERSON,0.001024686,0.100000001,0.100000001
10,Charles,PERSON,0.767572701,-0.100000001,0.5
10,Caroline,PERSON,0.067172892,0,0
10,Charles,PERSON,0.00369563,0.600000024,0.600000024
10,Elizabeth,PERSON,1,0,0.100000001
10,Elizabeth,PERSON,0.442240208,0,0
10,Charles,PERSON,0.754180312,0,0
10,Fitzwilliam,PERSON,0.110778943,0,0
10,Fitzwilliam,LOCATION,0.089535885,-0.100000001,0.100000001
10,Charles,PERSON,0.025332687,0,0
10,Fitzwilliam,LOCATION,0.053987022,-0.100000001,0.100000001
10,Elizabeth,PERSON,0.399320751,0,0.100000001
10,Fitzwilliam,LOCATION,0.022470634,0,0
10,Charles,PERSON,0.347598374,0.100000001,0.400000006
10,Elizabeth,PERSON,0.038882576,0,0
10,Fitzwilliam,LOCATION,0.006935127,0.200000003,0.200000003
10,Charles,PERSON,0.266332716,0,0
10,Charlotte,LOCATION,1,0,0
10,Charles,PERSON,0.033942841,0,0
10,Charlotte,LOCATION,0.019382095,0.100000001,0.100000001
10,Charles,PERSON,0.307668746,0.200000003,0.200000003
10,Jane,PERSON,0.058208264,0.100000001,0.300000012
10,Elizabeth,PERSON,0.640937746,0.100000001,0.300000012
10,Fitzwilliam,PERSON,0.739156008,0,0.100000001
10,Elizabeth,PERSON,0.262610257,0,0.300000012
10,Charles,PERSON,0.067292564,0,0.600000024
10,Fitzwilliam,LOCATION,0.035340562,-0.100000001,0.100000001
10,Jane,PERSON,0.004390855,0,0
10,Lydia,PERSON,0.636939347,0.200000003,3.099999905
10,Charles,PERSON,0.052189,-0.100000001,1.399999976
10,Lydia,PERSON,0.534495175,0.400000006,0.899999976
10,Jane,PERSON,0.190083176,0,0.300000012
10,Elizabeth,PERSON,0.31405592,0.100000001,0.400000006
10,Jane,PERSON,0.023980036,0.100000001,0.100000001
10,Fitzwilliam,LOCATION,0.01646761,0.100000001,0.100000001
10,Caroline,PERSON,0.008015476,0.100000001,0.100000001
11,Caroline,PERSON,0.040203776,0,0.100000001
11,Elizabeth,PERSON,0.016175561,0,0
11,Fitzwilliam,LOCATION,0.009117669,-0.100000001,0.100000001
11,Charles,PERSON,0.008041145,0,0
11,Elizabeth,PERSON,0.150450841,0,0
11,Fitzwilliam,LOCATION,0.05184887,0,0
11,Fitzwilliam,LOCATION,0.135079816,0.200000003,0.200000003
11,Fitzwilliam,LOCATION,0.24939993,-0.100000001,0.200000003
11,Caroline,PERSON,0.106735669,-0.100000001,0.100000001
11,Charles,PERSON,0.524853528,-0.200000003,0.699999988
11,Caroline,PERSON,0.171406418,-0.400000006,0.400000006
11,Charles,PERSON,0.166355655,0.100000001,0.100000001
11,Elizabeth,PERSON,0.108457312,0.100000001,0.100000001
11,Fitzwilliam,PERSON,0.110887043,-0.100000001,0.100000001
11,Charles,PERSON,0.156473756,-0.200000003,0.200000003
11,Charles,PERSON,0.037137352,0,0
11,Charles,PERSON,0.688958764,0,0.200000003
11,Elizabeth,PERSON,0.066818774,0,0
11,Charles,PERSON,0.611893833,0,1
11,Fitzwilliam,PERSON,0.47846061,0,0
11,Fitzwilliam,LOCATION,0.075237751,0,0
11,Fitzwilliam,LOCATION,0.095322326,0,0
11,Charles,PERSON,0.012031442,-0.100000001,0.100000001
11,Charles,PERSON,0.282427102,-0.100000001,1.100000024
11,Fitzwilliam,LOCATION,0.009234454,-0.300000012,0.600000024
11,Elizabeth,PERSON,0.589302719,0,0.200000003
11,Fitzwilliam,LOCATION,0.141030744,0.100000001,0.100000001
11,Caroline,PERSON,0.126541406,-0.100000001,0.200000003
11,Charles,PERSON,0.149634719,0,0
11,Elizabeth,PERSON,0.089395769,0,0
11,Elizabeth,PERSON,0.357423961,0.100000001,0.200000003
11,Fitzwilliam,PERSON,0.298815787,0.100000001,0.300000012
11,Fitzwilliam,LOCATION,0.559770882,0.100000001,0.100000001
11,Caroline,PERSON,0.501009524,0,0.100000001
11,Elizabeth,PERSON,0.079112083,0,0
11,Elizabeth,PERSON,0.059600454,0.100000001,0.100000001
11,Fitzwilliam,LOCATION,0.00927007,0.100000001,0.100000001
11,Caroline,PERSON,0.522007883,0.100000001,0.200000003
11,Elizabeth,PERSON,0.037060581,0.100000001,0.100000001
11,Fitzwilliam,PERSON,0.015296851,0.100000001,0.100000001
11,Elizabeth,PERSON,0.594309211,0,0.200000003
11,Fitzwilliam,LOCATION,0.015142319,0,0
11,Caroline,PERSON,0.691402197,0.100000001,0.400000006
11,Jane,PERSON,0.114708968,0.100000001,0.200000003
11,Elizabeth,PERSON,0.017099207,0,0
11,Fitzwilliam,LOCATION,0.08468964,-0.300000012,0.300000012
11,Elizabeth,PERSON,0.011105265,0,0
11,Elizabeth,PERSON,0.092878386,0,0
11,Caroline,PERSON,0.885565162,0,0
11,Elizabeth,PERSON,0.293274909,0,0.100000001
11,Fitzwilliam,LOCATION,0.165625051,-0.200000003,0.5
11,Elizabeth,PERSON,0.855493248,0,0
11,Jane,PERSON,0.417622507,0.5,1
12,Elizabeth,PERSON,0.400112003,0.100000001,0.5
12,Jane,PERSON,0.350625426,0,0
12,Caroline,PERSON,0.053939547,0,0
12,Fitzwilliam,LOCATION,0.020654486,0,0
12,Charles,PERSON,0.00679516,0,0
12,Elizabeth,PERSON,0.0032456,0,0
12,Fitzwilliam,LOCATION,0.014274026,0,0.100000001
12,Caroline,PERSON,0.002104038,0,0
12,Caroline,PERSON,0.500360429,0,0.800000012
12,Fitzwilliam,LOCATION,0.039841749,0,0
12,Charles,PERSON,0.186113656,0,0
12,Fitzwilliam,LOCATION,0.084843472,0,0
12,Caroline,PERSON,0.880379856,0.200000003,0.400000006
12,Caroline,PERSON,0.601602972,0,1
12,Fitzwilliam,LOCATION,0.015985236,0.200000003,0.200000003
12,Elizabeth,PERSON,0.006835674,0,0
12,Elizabeth,PERSON,0.393096179,0,0
12,Elizabeth,PERSON,0.413751155,0,0.200000003
12,Fitzwilliam,PERSON,0.307032019,0,0.600000024
12,Caroline,PERSON,0.132913485,0.100000001,0.200000003
12,Caroline,PERSON,0.506129146,-0.300000012,0.300000012
12,Fitzwilliam,LOCATION,0.131386578,-0.400000006,0.400000006
12,Caroline,PERSON,0.760946333,-0.100000001,0.200000003
12,Elizabeth,PERSON,0.093024045,0,0
12,Fitzwilliam,LOCATION,0.020154841,0,0
12,Fitzwilliam,LOCATION,0.205586672,0,0
12,Elizabeth,PERSON,0.033809625,-0.200000003,0.200000003
12,Caroline,PERSON,0.570104063,0.100000001,0.300000012
12,Elizabeth,PERSON,0.726020157,0,1.299999952
12,Elizabeth,PERSON,0.853076875,0,0
12,Caroline,PERSON,0.295605719,0,0
12,Fitzwilliam,LOCATION,0.078494109,0,0
12,Fitzwilliam,LOCATION,0.357866973,0.400000006,0.400000006
12,Fitzwilliam,PERSON,0.149382904,0,0
12,Elizabeth,PERSON,0.11496412,-0.200000003,0.200000003
12,Caroline,PERSON,0.575411856,-0.100000001,0.400000006
12,Fitzwilliam,LOCATION,0.208237901,0,0
12,Elizabeth,PERSON,0.011704649,-0.400000006,0.400000006
13,Elizabeth,PERSON,0.148606613,0,0.100000001
13,Charles,PERSON,0.036523383,0,0.100000001
13,Jane,PERSON,0.005571241,0,0
13,Caroline,PERSON,0.137282327,0,0.300000012
13,Jane,PERSON,0.032021485,0.100000001,0.100000001
13,Jane,PERSON,0.129417866,-0.100000001,0.300000012
13,Elizabeth,PERSON,0.490329981,0,0.100000001
13,Caroline,PERSON,0.075572893,0.100000001,0.300000012
13,Fitzwilliam,LOCATION,0.071606606,0.100000001,0.100000001
13,Caroline,PERSON,0.405517936,0.100000001,0.699999988
13,Elizabeth,PERSON,0.019983031,0.100000001,0.200000003
13,Jane,PERSON,0.010019522,0.100000001,0.100000001
13,Jane,PERSON,0.026894104,-0.300000012,0.699999988
13,Elizabeth,PERSON,0.007054866,-0.300000012,0.300000012
13,Lydia,PERSON,0.01724636,0,0
14,Charles,PERSON,0.518570542,0.5,2.599999905
14,Lydia,PERSON,0.00789659,0.200000003,0.200000003
14,Charles,PERSON,0.089419387,0,0
14,Elizabeth,PERSON,0.402638555,0,0
14,Jane,PERSON,0.093115792,0,0
14,Jane,PERSON,0.199490547,0.100000001,0.100000001
14,Elizabeth,PERSON,0.202791378,0.200000003,0.200000003
14,Lydia,PERSON,0.096236378,-0.300000012,0.300000012
15,Elizabeth,PERSON,0.010617,0,0
15,Lydia,PERSON,0.045975346,-0.100000001,0.5
15,Lydia,PERSON,0.556164443,0,0
15,Lydia,PERSON,0.004937216,-0.200000003,0.200000003
16,Jane,PERSON,0.003036888,0,0
16,Jane,PERSON,0.119953983,0.100000001,0.200000003
16,Elizabeth,PERSON,0.110578261,0.100000001,0.300000012
16,Lydia,PERSON,0.081568249,0,0.100000001
16,Elizabeth,PERSON,0.001393018,0.100000001,0.100000001
16,Charles,PERSON,0.04500515,0,0.300000012
16,Lydia,PERSON,0.011369085,0,0
16,Fitzwilliam,LOCATION,0.003960714,0,0.200000003
16,Elizabeth,PERSON,0.003300741,0,0
16,Charles,PERSON,0.867870927,0,0.100000001
16,Lydia,PERSON,0.015243722,0,0
16,Jane,PERSON,0.003056994,0,0
16,Lydia,PERSON,0.00030099,-0.200000003,0.200000003
16,Elizabeth,PERSON,0.487243831,-0.100000001,0.400000006
16,Jane,PERSON,0.052525699,-0.100000001,0.200000003
17,Elizabeth,PERSON,0.017056046,0,0
17,Elizabeth,PERSON,0.411012769,0,0.300000012
17,Lydia,PERSON,0.262831807,0.200000003,0.800000012
17,Elizabeth,PERSON,0.260599017,0,0.800000012
17,Fitzwilliam,LOCATION,0.004344185,0,0
17,Elizabeth,PERSON,0.476210594,0,0.100000001
17,Elizabeth,PERSON,1,0.200000003,0.200000003
17,Fitzwilliam,LOCATION,0.030095527,0,0
17,Elizabeth,PERSON,0.985661089,0,0.200000003
17,Fitzwilliam,LOCATION,0.065303549,0.200000003,1
17,Elizabeth,PERSON,0.489930749,0.100000001,0.200000003
17,Fitzwilliam,PERSON,0.731213391,0.300000012,2.599999905
17,Elizabeth,PERSON,0.115273051,0,0
17,Fitzwilliam,PERSON,0.014268056,0,0
17,Elizabeth,PERSON,0.679015696,0.200000003,0.200000003
17,Fitzwilliam,PERSON,0.100229584,0,0.200000003
17,Fitzwilliam,LOCATION,0.556496799,-0.200000003,0.200000003
17,Elizabeth,PERSON,0.46715647,0.100000001,0.400000006
17,Fitzwilliam,LOCATION,0.29169035,0.100000001,0.699999988
17,Fitzwilliam,PERSON,0.00488636,0,0
17,Elizabeth,PERSON,0.783259213,-0.100000001,0.699999988
17,Fitzwilliam,LOCATION,0.040026847,0.100000001,0.100000001
17,Elizabeth,PERSON,0.138971552,0,0
17,Charles,PERSON,0.637534261,0.200000003,1.100000024
17,Fitzwilliam,LOCATION,0.04527311,0,0
17,Fitzwilliam,LOCATION,0.091216765,0.200000003,0.200000003
17,Elizabeth,PERSON,0.015104036,0,0
17,Elizabeth,PERSON,0.225144714,0,0
17,Fitzwilliam,LOCATION,0.027450716,0,0
17,Elizabeth,PERSON,0.550637364,0,0.300000012
17,Caroline,PERSON,0.036399148,0,0
17,Elizabeth,PERSON,0.238478482,0,0.5
17,Lydia,PERSON,0.039030518,0,0.200000003
18,Jane,PERSON,0.357572556,0,0.400000006
18,Elizabeth,PERSON,0.323517293,0,0
18,Fitzwilliam,LOCATION,0.016322501,-0.100000001,0.100000001
18,Charles,PERSON,0.010192411,0,0
18,Jane,PERSON,0.176881582,0,0
18,Elizabeth,PERSON,0.035793018,-0.100000001,0.100000001
18,Fitzwilliam,LOCATION,0.025398336,-0.100000001,0.100000001
18,Charles,PERSON,0.102349132,0,0
18,Fitzwilliam,LOCATION,0.011932903,0,0
18,Jane,PERSON,0.37117818,0,0
18,Charles,PERSON,0.098925024,0,0
18,Charles,PERSON,0.084119424,0,0
18,Elizabeth,PERSON,0.001455932,-0.100000001,0.100000001
18,Charles,PERSON,0.058195792,0.100000001,0.200000003
18,Jane,PERSON,0.04616297,0.100000001,0.5
18,Elizabeth,PERSON,0.010285524,0.100000001,0.200000003
18,Fitzwilliam,LOCATION,0.005743977,0.100000001,0.100000001
18,Lydia,PERSON,0.005723702,0.100000001,0.100000001
18,Elizabeth,PERSON,0.36952132,0,0
18,Charles,PERSON,0.011322644,0,0
18,Elizabeth,PERSON,0.153881505,0.100000001,0.300000012
18,Jane,PERSON,0.064230017,0.100000001,0.200000003
18,Elizabeth,PERSON,0.359237283,0.100000001,0.800000012
18,Elizabeth,PERSON,0.083666794,0,0.100000001
18,Lydia,PERSON,0.0040621,0,0
19,Elizabeth,PERSON,0.330599695,0,0.300000012
19,Fitzwilliam,LOCATION,0.004705413,0,0
19,Lydia,PERSON,0.00165355,0,0
19,Elizabeth,PERSON,0.342257649,0,0.600000024
19,Lydia,PERSON,0.033710293,-0.100000001,0.100000001
19,Fitzwilliam,LOCATION,0.026001943,0,0.200000003
19,Charles,PERSON,0.010531485,0,0.100000001
19,Elizabeth,PERSON,0.682611406,0,0.600000024
19,Fitzwilliam,PERSON,0.275384158,0,0.100000001
19,Charlotte,LOCATION,0.006381873,0,0
19,Elizabeth,PERSON,0.380277812,0.100000001,1.100000024
19,Charlotte,LOCATION,0.049811509,-0.100000001,0.100000001
19,Fitzwilliam,LOCATION,0.040011376,0,0.400000006
19,Elizabeth,PERSON,0.339699894,0.200000003,0.400000006
19,Elizabeth,PERSON,0.123114616,-0.100000001,0.5
19,Fitzwilliam,LOCATION,0.017063122,0.100000001,0.100000001
19,Elizabeth,PERSON,0.161995247,-0.200000003,0.200000003
19,Fitzwilliam,LOCATION,0.095580481,-0.100000001,0.600000024
19,Elizabeth,PERSON,0.023085514,0,0.100000001
19,Charles,PERSON,0.004538885,0,0
19,Fitzwilliam,LOCATION,0.001493857,0,0
19,Charles,PERSON,0.079203844,0,0
19,Fitzwilliam,LOCATION,0.02458759,0,0
19,Jane,PERSON,0.0168756,0,0
19,Fitzwilliam,LOCATION,0.164818496,-0.200000003,0.200000003
19,Fitzwilliam,LOCATION,0.006822005,0,0
19,Caroline,PERSON,0.786834121,-0.200000003,0.5
19,Fitzwilliam,LOCATION,0.081243157,0,0.300000012
19,Elizabeth,PERSON,0.025231106,0.100000001,0.300000012
19,Elizabeth,PERSON,0.289942175,-0.100000001,0.5
19,Fitzwilliam,LOCATION,0.010063942,-0.100000001,0.100000001
19,Caroline,PERSON,0.728060544,0,0.200000003
19,Elizabeth,PERSON,0.28583318,0,0.100000001
19,Jane,PERSON,0.144635305,0.200000003,0.800000012
19,Charles,PERSON,0.009725519,0,0
19,Fitzwilliam,LOCATION,0.009640794,-0.300000012,0.300000012
19,Charles,PERSON,0.534437597,0,0.300000012
19,Jane,PERSON,0.074526973,-0.200000003,0.200000003
19,Fitzwilliam,LOCATION,0.027365774,0,0.200000003
19,Charles,PERSON,0.390559107,0,0
19,Fitzwilliam,LOCATION,0.128480136,0,0
19,Fitzwilliam,LOCATION,0.171224266,0,0
19,Charles,PERSON,0.407844722,0.100000001,0.5
19,Elizabeth,PERSON,0.348647565,0,0.300000012
19,Elizabeth,PERSON,0.240723506,0,0.200000003
19,Charles,PERSON,0.121905304,0,0
19,Jane,PERSON,0.012985449,0,0
19,Fitzwilliam,LOCATION,1,0,0
19,Elizabeth,PERSON,0.446757883,0,0.100000001
19,Fitzwilliam,LOCATION,0.056478895,0,0
19,Elizabeth,PERSON,0.046337523,0,0.100000001
19,Fitzwilliam,LOCATION,0.008869906,0,0.300000012
19,Fitzwilliam,LOCATION,0.043619331,0.600000024,0.600000024
19,Elizabeth,PERSON,0.23591131,0,2.099999905
19,Jane,PERSON,0.043531209,0.100000001,0.5
19,Charles,PERSON,0.022958787,0,0.200000003
19,Elizabeth,PERSON,0.66496557,-0.100000001,1.200000048
19,Fitzwilliam,LOCATION,0.003368328,0,0
19,Fitzwilliam,LOCATION,0.71582669,0,0
19,Fitzwilliam,LOCATION,0.027710008,0,0
19,Elizabeth,PERSON,0.381804496,0.100000001,1.200000048
19,Fitzwilliam,LOCATION,0.008110353,0.100000001,0.100000001
19,Elizabeth,PERSON,0.532627821,0,1.600000024
19,Fitzwilliam,LOCATION,0.000905912,-0.100000001,0.100000001
19,Jane,PERSON,0.000721888,0,0
19,Charles,PERSON,0.000397633,0,0
19,Elizabeth,PERSON,0.496045232,-0.200000003,0.899999976
19,Fitzwilliam,LOCATION,0.003226476,0,0
19,Elizabeth,PERSON,0.452340633,0,0.100000001
19,Charles,PERSON,0.169215992,0,0
19,Fitzwilliam,LOCATION,0.001693645,0,0
19,Fitzwilliam,LOCATION,0.15219897,0,0
19,Charles,PERSON,0.023645116,-0.100000001,0.300000012
19,Lydia,PERSON,0.009778354,-0.100000001,0.200000003
19,Elizabeth,PERSON,0.00240478,-0.100000001,0.100000001
19,Caroline,PERSON,0.00240478,-0.100000001,0.100000001
19,Jane,PERSON,0.001056286,0,0
19,Fitzwilliam,PERSON,0.000985981,0,0
19,Charles,PERSON,0.221233234,0.100000001,0.899999976
19,Elizabeth,PERSON,0.07318452,0.200000003,0.899999976
19,Charles,PERSON,0.003494175,0.200000003,0.200000003
20,Elizabeth,PERSON,0.004698269,0.100000001,0.100000001
20,Elizabeth,PERSON,0.45420751,0,0
20,Elizabeth,PERSON,0.459914535,0.300000012,1.399999976
20,Elizabeth,PERSON,0.75873059,-0.100000001,0.5
20,Elizabeth,PERSON,0.441404283,0,0
20,Elizabeth,PERSON,0.124224432,-0.100000001,0.100000001
20,Elizabeth,PERSON,0.186509594,0,0
20,Elizabeth,PERSON,0.539451182,0.100000001,2.200000048
20,Elizabeth,PERSON,0.715317607,0,0.300000012
20,Elizabeth,PERSON,0.543552518,0,0.300000012
21,Elizabeth,PERSON,0.212360486,0.100000001,0.5
21,Elizabeth,PERSON,0.120510243,0,0
21,Elizabeth,PERSON,0.474661857,0.300000012,1.299999952
21,Elizabeth,PERSON,0.26526913,0,0.100000001
21,Elizabeth,PERSON,0.433061779,0,0
21,Elizabeth,PERSON,1,-0.100000001,0.300000012
21,Elizabeth,PERSON,0.107910626,0,0
21,Elizabeth,PERSON,0.008951321,0,0
21,Elizabeth,PERSON,0.032543227,-0.200000003,0.200000003
21,Elizabeth,PERSON,0.092464447,0,0
21,Elizabeth,PERSON,0.00601155,-0.100000001,0.200000003
21,Jane,PERSON,0.005101196,0,0.100000001
21,Lydia,PERSON,0.12136957,0.200000003,0.699999988
21,Elizabeth,PERSON,0.033519816,0,0
21,Elizabeth,PERSON,0.049844369,0,0.100000001
21,Charlotte,LOCATION,0.039968714,0,0
21,Charlotte,LOCATION,0.410870165,0,0
21,Elizabeth,PERSON,0.085751541,0,0
21,Jane,PERSON,0.03836647,0,0
21,Elizabeth,PERSON,0.006470883,-0.100000001,0.100000001
21,Lydia,PERSON,0.410740614,0,0.100000001
21,Elizabeth,PERSON,0.053053044,0,0
21,Jane,PERSON,0.035437636,0,0
21,Charlotte,LOCATION,0.013979681,0,0
22,Elizabeth,PERSON,0.129640251,0,0.100000001
22,Elizabeth,PERSON,0.009840763,-0.100000001,0.100000001
22,Elizabeth,PERSON,0.002993787,0,0
22,Fitzwilliam,LOCATION,0.516092658,-0.200000003,0.400000006
22,Jane,PERSON,0.083636373,0,0.5
22,Elizabeth,PERSON,0.048927948,0,0.600000024
22,Caroline,PERSON,0.367647648,0.300000012,0.300000012
22,Elizabeth,PERSON,0.031509295,0,0.200000003
22,Charles,PERSON,0.002251847,0,0
22,Jane,PERSON,0.001942716,0,0
22,Caroline,PERSON,0.149040729,0,0.100000001
22,Charles,PERSON,0.019016009,0,0
22,Caroline,PERSON,0.359588832,0,0
22,Charles,PERSON,0.009521659,0,0
22,Jane,PERSON,0.523795724,0,0
22,Caroline,PERSON,1,0,0
22,Fitzwilliam,LOCATION,0.053683307,-0.200000003,0.200000003
22,Jane,PERSON,0.010187262,-0.100000001,0.300000012
22,Charles,PERSON,0.003843681,0.100000001,0.100000001
22,Jane,PERSON,0.560073256,0,0.100000001
22,Caroline,PERSON,0.128701076,0,0
22,Elizabeth,PERSON,0.073458813,0,0
22,Caroline,PERSON,0.301674098,0,0.400000006
22,Jane,PERSON,0.825417399,-0.100000001,0.200000003
22,Caroline,PERSON,0.277154177,0,0.600000024
22,Jane,PERSON,0.025077542,0,0
22,Fitzwilliam,LOCATION,0.006675496,0,0
22,Caroline,PERSON,0.531630516,-0.200000003,1
22,Jane,PERSON,0.378424525,0,0.300000012
22,Elizabeth,PERSON,0.638320327,-0.100000001,0.300000012
22,Jane,PERSON,0.942267299,0,0
22,Elizabeth,PERSON,0.171601474,-0.300000012,0.300000012
22,Caroline,PERSON,0.112409987,0,0
22,Jane,PERSON,0.241588756,0,0.200000003
22,Charles,PERSON,0.021231454,0,0
22,Charles,PERSON,0.026947165,0,0
23,Elizabeth,PERSON,0.077893585,0.200000003,3.200000048
23,Charlotte,LOCATION,0.05725994,0.200000003,1.200000048
23,Elizabeth,PERSON,0.004403814,-0.100000001,1.299999952
23,Charlotte,LOCATION,0.00124982,0.100000001,0.200000003
23,Elizabeth,PERSON,0.030160565,0,0
23,Elizabeth,PERSON,0.003064513,0,0
23,Elizabeth,PERSON,0.047737796,0.100000001,0.100000001
23,Charlotte,LOCATION,0.028367009,0.100000001,0.100000001
23,Charlotte,LOCATION,0.317740232,-0.300000012,0.300000012
23,Elizabeth,PERSON,0.263254285,-0.100000001,0.100000001
23,Elizabeth,PERSON,0.7922014,0.100000001,0.899999976
23,Charlotte,LOCATION,0.171975121,0,0
23,Elizabeth,PERSON,0.436105281,0,0.300000012
23,Charlotte,LOCATION,0.014735243,-0.200000003,0.600000024
24,Elizabeth,PERSON,0.214846939,0,0.100000001
24,Lydia,PERSON,0.00272084,0,0
24,Elizabeth,PERSON,0.031724013,0,0
24,Elizabeth,PERSON,0.624482393,0,0.200000003
24,Charlotte,LOCATION,0.014597759,0,0
24,Jane,PERSON,0.003953964,0,0
24,Elizabeth,PERSON,0.076222748,-0.100000001,2.200000048
24,Elizabeth,PERSON,0.002483747,-0.100000001,0.100000001
24,Jane,PERSON,0.699078202,0,0.100000001
24,Elizabeth,PERSON,0.040185876,0,0
24,Lydia,PERSON,0.007089142,0,0
24,Elizabeth,PERSON,0.5774436,-0.100000001,1.600000024
24,Charlotte,LOCATION,0.045968924,-0.200000003,0.400000006
24,Charles,PERSON,0.039624885,-0.100000001,0.200000003
24,Jane,PERSON,0.124166079,0,0.100000001
24,Caroline,PERSON,0.031600758,0,0
24,Charlotte,LOCATION,0.001911148,0,0
24,Charles,PERSON,0.003902307,-0.100000001,0.100000001
24,Elizabeth,PERSON,0.193887681,0.100000001,0.100000001
24,Jane,PERSON,0.089155383,-0.5,0.5
24,Elizabeth,PERSON,0.398834944,-0.100000001,0.600000024
24,Charles,PERSON,0.38140586,-0.100000001,0.400000006
24,Jane,PERSON,0.006961563,-0.100000001,0.100000001
24,Jane,PERSON,0.112039305,-0.100000001,0.600000024
24,Charles,PERSON,0.098180488,-0.300000012,1
24,Elizabeth,PERSON,0.077873483,-0.200000003,0.400000006
24,Charlotte,LOCATION,0.007188971,0,0
25,Caroline,PERSON,0.33763957,0,0.200000003
25,Caroline,PERSON,0.072395854,0,0.100000001
25,Jane,PERSON,0.043796487,0,0
25,Fitzwilliam,LOCATION,0.003807877,0,0
25,Elizabeth,PERSON,0.474139243,0,1.399999976
25,Jane,PERSON,0.060304828,0,0.100000001
25,Charles,PERSON,0.024644023,0,0
25,Caroline,PERSON,0.017232602,0,0.100000001
25,Jane,PERSON,0.664794564,0,0
25,Elizabeth,PERSON,0.029885799,0,0
25,Elizabeth,PERSON,0.711581647,-0.100000001,0.200000003
25,Jane,PERSON,0.752911389,0.100000001,1.700000048
25,Jane,PERSON,0.564646602,0.600000024,0.600000024
25,Elizabeth,PERSON,0.107914932,0.800000012,0.800000012
25,Elizabeth,PERSON,0.170107141,0,0
25,Charlotte,LOCATION,0.00967898,-0.100000001,0.100000001
25,Elizabeth,PERSON,0.186670884,-0.200000003,0.200000003
25,Charlotte,LOCATION,0.016501047,0.5,0.5
25,Jane,PERSON,0.059758481,0,0.200000003
25,Charlotte,LOCATION,0.033774212,-0.100000001,0.100000001
25,Elizabeth,PERSON,0.440031886,0,0.800000012
25,Jane,PERSON,0.342632949,0,0.699999988
25,Elizabeth,PERSON,0.373052329,0,0
25,Charles,PERSON,0.04788404,0,0
25,Jane,PERSON,0.444291472,0,0.300000012
25,Elizabeth,PERSON,0.523614585,0,0
25,Charles,PERSON,0.143335059,0,0
25,Elizabeth,PERSON,0.016117696,0,0
25,Jane,PERSON,0.00814748,0,0
25,Charles,PERSON,0.004840108,0,0
25,Elizabeth,PERSON,0.203671053,0.300000012,1
25,Jane,PERSON,0.002431526,0.100000001,0.100000001
25,Jane,PERSON,0.071286559,0,0
25,Fitzwilliam,LOCATION,0.00638754,0,0.100000001
25,Elizabeth,PERSON,0.004086264,0.100000001,0.100000001
25,Fitzwilliam,LOCATION,0.022312481,-0.100000001,0.100000001
26,Charlotte,LOCATION,0.013900678,0.100000001,0.100000001
26,Jane,PERSON,0.093370244,-0.100000001,0.200000003
26,Charles,PERSON,0.046006016,-0.100000001,0.100000001
26,Elizabeth,PERSON,0.035312783,0,0
26,Jane,PERSON,0.104132503,0,0
26,Elizabeth,PERSON,0.022636112,0,0
26,Elizabeth,PERSON,0.208461836,0,0
26,Charles,PERSON,0.029069377,0,0
26,Jane,PERSON,0.026656231,0,0
26,Elizabeth,PERSON,0.035719063,0,0
26,Charles,PERSON,0.010070352,0,0
26,Elizabeth,PERSON,0.099427179,0,0
26,Jane,PERSON,0.02335459,-0.800000012,0.800000012
26,Elizabeth,PERSON,0.718230426,0.5,1
26,Fitzwilliam,LOCATION,0.120191693,0,0
26,Jane,PERSON,0.052383479,0,0
26,Charles,PERSON,0.01231909,0,0
26,Jane,PERSON,0.890911818,-0.100000001,0.300000012
26,Elizabeth,PERSON,0.085964993,0,0
26,Jane,PERSON,0.037803404,0,0.100000001
26,Charles,PERSON,0.02124021,0,0
26,Caroline,PERSON,0.016253412,0.100000001,0.100000001
26,Elizabeth,PERSON,0.08159481,0.100000001,0.400000006
26,Fitzwilliam,LOCATION,0.001802511,0,0
26,Fitzwilliam,LOCATION,0.026852539,0,0.100000001
26,Fitzwilliam,PERSON,0.011086051,0,0
27,Elizabeth,PERSON,0.1124385,0,0
27,Elizabeth,PERSON,0.623715878,0.100000001,0.300000012
27,Elizabeth,PERSON,1,0,0
27,Fitzwilliam,LOCATION,0.009220897,-0.400000006,0.400000006
27,Elizabeth,PERSON,0.823128939,0,0.600000024
27,Elizabeth,PERSON,0.485454828,0.300000012,0.899999976
27,Elizabeth,PERSON,0.055267438,-0.200000003,0.800000012
27,Jane,PERSON,0.04137741,0,0
27,Charlotte,LOCATION,0.002339578,0,0
27,Elizabeth,PERSON,1,0.300000012,0.300000012
27,Elizabeth,PERSON,0.814592719,0.300000012,0.699999988
27,Charlotte,LOCATION,0.099029765,0,0
27,Elizabeth,PERSON,0.014208939,0.400000006,0.400000006
27,Elizabeth,PERSON,0.157259956,0.100000001,3.599999905
27,Charlotte,LOCATION,0.004320068,0.100000001,0.300000012
27,Jane,PERSON,0.280725509,0,0
27,Elizabeth,PERSON,0.208529398,0,0
27,Jane,PERSON,0.270059168,0.100000001,0.400000006
27,Caroline,PERSON,0.015738575,0,0
27,Caroline,PERSON,0.680314422,0,0.400000006
27,Fitzwilliam,LOCATION,0.002660642,0,0
27,Elizabeth,PERSON,0.641873598,0,0.300000012
27,Charles,PERSON,0.005023162,0,0
27,Jane,PERSON,0.791481197,0,0.600000024
27,Caroline,PERSON,0.005021308,0,0
27,Caroline,PERSON,0.757238328,-0.200000003,4.800000191
27,Elizabeth,PERSON,0.045583833,-0.5,1
27,Elizabeth,PERSON,0.386412561,0,0
27,Jane,PERSON,0.033221271,-0.100000001,0.200000003
27,Fitzwilliam,LOCATION,0.004232289,-0.200000003,0.200000003
27,Elizabeth,PERSON,0.273406714,0.100000001,1.200000048
27,Charlotte,LOCATION,0.000927865,0,0
27,Lydia,PERSON,0.005788069,0.200000003,0.200000003
28,Elizabeth,PERSON,0.472114027,0,1.100000024
28,Charlotte,LOCATION,0.046354678,0,0.699999988
28,Jane,PERSON,0.001217375,0,0
28,Elizabeth,PERSON,0.449594975,0.100000001,0.899999976
28,Elizabeth,PERSON,0.036064535,0,0.100000001
28,Jane,PERSON,0.112664044,0.100000001,0.200000003
28,Elizabeth,PERSON,0.048610236,0.100000001,0.200000003
28,Elizabeth,PERSON,0.735969961,0,0.600000024
28,Jane,PERSON,0.040691797,0,0.100000001
28,Caroline,PERSON,0.001776503,0,0
28,Elizabeth,PERSON,0.197733611,0.100000001,0.100000001
28,Elizabeth,PERSON,1,0,0.200000003
28,Elizabeth,PERSON,0.585233152,-0.300000012,0.300000012
28,Elizabeth,PERSON,0.174129114,-0.5,0.5
28,Elizabeth,PERSON,0.500683367,0.400000006,2.099999905
29,Elizabeth,PERSON,0.560283899,0.300000012,1.899999976
29,Elizabeth,PERSON,0.089824408,0.100000001,0.200000003
29,Charlotte,LOCATION,0.008075413,0.300000012,0.300000012
29,Elizabeth,PERSON,0.006199473,0.400000006,0.400000006
29,Elizabeth,PERSON,0.529017746,0.100000001,2.099999905
29,Charlotte,LOCATION,0.020591099,0,0.200000003
29,Charlotte,LOCATION,0.199102893,0.100000001,0.899999976
29,Elizabeth,PERSON,0.007791318,0.200000003,0.5
29,Elizabeth,PERSON,0.709781706,0.100000001,1.799999952
29,Charlotte,LOCATION,0.001418047,0.699999988,0.699999988
29,Charlotte,LOCATION,0.110019058,0.300000012,0.300000012
29,Elizabeth,PERSON,0.492865294,0,0.200000003
29,Charlotte,LOCATION,0.017521055,0,0
29,Elizabeth,PERSON,0.752079904,0.600000024,1.200000048
29,Elizabeth,PERSON,0.063783012,0,0
29,Elizabeth,PERSON,0.255176812,-0.100000001,0.300000012
29,Charlotte,LOCATION,0.222659081,-0.400000006,0.400000006
29,Charlotte,LOCATION,0.289338291,0,0
29,Elizabeth,PERSON,0.676220715,0.100000001,0.899999976
29,Charlotte,LOCATION,0.139081359,0,0
29,Elizabeth,PERSON,0.037915956,0,0
29,Charlotte,LOCATION,0.004094793,0,0
30,Elizabeth,PERSON,0.153508976,0,0
30,Elizabeth,PERSON,0.101749532,0.100000001,0.200000003
30,Elizabeth,PERSON,0.217905074,-0.100000001,1.899999976
30,Elizabeth,PERSON,0.052168921,0,0.300000012
30,Fitzwilliam,LOCATION,0.021675987,0,0
30,Elizabeth,PERSON,0.073225014,0.100000001,0.400000006
30,Charlotte,LOCATION,0.001349144,0.100000001,0.100000001
30,Elizabeth,PERSON,0.129378408,0,0.5
30,Charlotte,LOCATION,0.004772659,0,0
30,Charlotte,LOCATION,0.022730751,0.100000001,0.100000001
30,Elizabeth,PERSON,0.920565426,0,0.100000001
30,Elizabeth,PERSON,0.680796802,0,0.100000001
30,Elizabeth,PERSON,0.068041809,0,0
30,Elizabeth,PERSON,0.079833396,0,0.300000012
30,Charlotte,LOCATION,0.001432396,0,0
31,Elizabeth,PERSON,0.062040739,0,0.5
31,Charlotte,LOCATION,0.004056916,0,0.100000001
31,Charlotte,LOCATION,0.006517191,0,0
31,Elizabeth,PERSON,0.01761518,0,0
31,Elizabeth,PERSON,0.507080078,0,0.200000003
31,Elizabeth,PERSON,0.286739945,0.300000012,2.400000095
31,Charlotte,LOCATION,0.006017056,0.400000006,0.400000006
31,Elizabeth,PERSON,0.192365274,0,0.200000003
31,Fitzwilliam,LOCATION,0.010903568,0,0
31,Caroline,PERSON,0.00252385,0,0
31,Fitzwilliam,PERSON,0.080093876,0,0
31,Charlotte,LOCATION,0.005858468,0.100000001,0.100000001
31,Elizabeth,PERSON,0.271337211,0.300000012,0.300000012
31,Fitzwilliam,LOCATION,0.110554092,0,0
31,Fitzwilliam,PERSON,0.167578384,0.100000001,0.800000012
31,Elizabeth,PERSON,0.13652043,0,0
31,Elizabeth,PERSON,0.043935686,0.100000001,0.300000012
31,Elizabeth,PERSON,0.062040739,0,0.5
31,Charlotte,LOCATION,0.004056916,0,0.100000001
31,Charlotte,LOCATION,0.006517191,0,0
31,Elizabeth,PERSON,0.01761518,0,0
31,Elizabeth,PERSON,0.507080078,0,0.200000003
31,Elizabeth,PERSON,0.286739945,0.300000012,2.400000095
31,Charlotte,LOCATION,0.006017056,0.400000006,0.400000006
31,Elizabeth,PERSON,0.192365274,0,0.200000003
31,Fitzwilliam,LOCATION,0.010903568,0,0
31,Caroline,PERSON,0.00252385,0,0
31,Fitzwilliam,PERSON,0.080093876,0,0
31,Charlotte,LOCATION,0.005858468,0.100000001,0.100000001
31,Elizabeth,PERSON,0.271337211,0.300000012,0.300000012
31,Fitzwilliam,LOCATION,0.110554092,0,0
31,Fitzwilliam,PERSON,0.167578384,0.100000001,0.800000012
31,Elizabeth,PERSON,0.13652043,0,0
31,Elizabeth,PERSON,0.043935686,0.100000001,0.300000012
31,Jane,PERSON,0.12170662,0,0
32,Fitzwilliam,LOCATION,0.003449101,0,0
32,Fitzwilliam,LOCATION,0.004628554,0,0
32,Elizabeth,PERSON,0.083922543,0,0.300000012
32,Fitzwilliam,LOCATION,0.001854041,0.100000001,0.100000001
32,Fitzwilliam,LOCATION,0.777880788,0,0
32,Fitzwilliam,LOCATION,0.009759687,0,0
32,Fitzwilliam,PERSON,0.669575155,0.400000006,0.899999976
32,Fitzwilliam,PERSON,0.67958492,-0.699999988,1.5
32,Elizabeth,PERSON,0.265963316,0,0.100000001
32,Fitzwilliam,LOCATION,0.340089321,-0.100000001,0.100000001
32,Elizabeth,PERSON,0.299975574,0,0.600000024
32,Fitzwilliam,LOCATION,0.013067686,0,0
32,Fitzwilliam,LOCATION,0.017578427,0,0
32,Fitzwilliam,PERSON,0.810578048,0,0.400000006
32,Elizabeth,PERSON,0.037813865,0,0
32,Fitzwilliam,PERSON,0.866060972,0,0.100000001
32,Fitzwilliam,PERSON,0.369206369,0,0.200000003
32,Elizabeth,PERSON,0.114062764,0,0
32,Fitzwilliam,LOCATION,0.555699229,0.400000006,0.400000006
32,Elizabeth,PERSON,0.031110421,0.600000024,0.600000024
32,Fitzwilliam,LOCATION,0.015082825,0,0
32,Elizabeth,PERSON,0.66004473,0.100000001,0.600000024
32,Elizabeth,PERSON,0.703100502,0,0.100000001
32,Fitzwilliam,LOCATION,0.058124945,0,0
32,Caroline,PERSON,0.004742091,0,0
32,Elizabeth,PERSON,0.350187272,0,0.100000001
33,Elizabeth,PERSON,0.376749128,0,0.200000003
33,Jane,PERSON,0.058763847,0,0
33,Fitzwilliam,LOCATION,0.005753281,0,0
33,Charles,PERSON,0.511091769,0.200000003,1.399999976
33,Fitzwilliam,LOCATION,0.108764067,0,0
33,Charles,PERSON,0.342037797,0,0
33,Charles,PERSON,0.221431583,0,0
33,Fitzwilliam,PERSON,0.809166133,0,0
33,Elizabeth,PERSON,0.622703731,-0.300000012,0.699999988
33,Elizabeth,PERSON,0.521963477,-0.100000001,0.300000012
33,Elizabeth,PERSON,0.48282668,0,0
33,Jane,PERSON,0.014033131,0,0
33,Fitzwilliam,LOCATION,0.16898945,0,0
33,Elizabeth,PERSON,0.201656207,0,0
33,Charlotte,LOCATION,0.029077334,0.100000001,0.100000001
33,Fitzwilliam,LOCATION,0.01297389,0,0
33,Charlotte,LOCATION,0.121952929,0,0
33,Elizabeth,PERSON,0.043720827,0.200000003,0.200000003
33,Elizabeth,PERSON,0.171466321,0,0.200000003
33,Charlotte,LOCATION,0.040541921,0,0
33,Fitzwilliam,LOCATION,0.067686021,0,0
33,Elizabeth,PERSON,0.02523065,0,0
33,Elizabeth,PERSON,0.11884781,-0.100000001,0.200000003
33,Elizabeth,PERSON,0.095229924,0,0
33,Fitzwilliam,LOCATION,0.004640023,0.100000001,0.100000001
34,Elizabeth,PERSON,0.26690802,0,0.300000012
34,Fitzwilliam,LOCATION,0.043006189,0,0
34,Jane,PERSON,0.571851313,0,0.100000001
34,Fitzwilliam,LOCATION,0.039013509,0,0
34,Fitzwilliam,LOCATION,0.560152352,0,0
34,Fitzwilliam,LOCATION,0.021502046,0.300000012,0.300000012
34,Elizabeth,PERSON,0.883226871,0,0.200000003
34,Caroline,PERSON,0.018744636,0.699999988,0.699999988
34,Fitzwilliam,LOCATION,0.021467291,0.200000003,0.200000003
34,Charles,PERSON,0.48987776,0.100000001,0.200000003
34,Elizabeth,PERSON,0.143839777,0.100000001,0.100000001
34,Fitzwilliam,LOCATION,0.118787408,0.100000001,0.100000001
34,Charles,PERSON,0.229177877,0,1
34,Fitzwilliam,LOCATION,0.041207187,0.200000003,0.200000003
34,Fitzwilliam,LOCATION,0.127778023,0,0
34,Charles,PERSON,0.509357452,0,0.100000001
34,Fitzwilliam,PERSON,0.553272069,0,0
34,Fitzwilliam,PERSON,0.903476894,0,0.100000001
34,Elizabeth,PERSON,0.565000713,-0.300000012,1.299999952
34,Fitzwilliam,PERSON,0.116237387,0.200000003,0.699999988
34,Fitzwilliam,LOCATION,0.074434519,0,0
34,Fitzwilliam,PERSON,0.265206426,0,0
34,Jane,PERSON,0.182011798,0,0.300000012
34,Fitzwilliam,LOCATION,0.056123581,0,0.200000003
34,Caroline,PERSON,0.007803233,0,0
34,Charles,PERSON,0.007803233,0,0
34,Jane,PERSON,0.249625042,0.100000001,0.300000012
34,Charles,PERSON,0.019168124,0,0.100000001
34,Fitzwilliam,LOCATION,0.011547954,0,0.100000001
34,Fitzwilliam,LOCATION,0.013534682,-0.400000006,0.400000006
35,Elizabeth,PERSON,0.263736337,-0.100000001,1.200000048
35,Jane,PERSON,0.138435096,0,0
35,Fitzwilliam,ORGANIZATION,0.044477094,0,0
35,Fitzwilliam,LOCATION,0.00167271,-0.5,0.5
35,Fitzwilliam,LOCATION,0.153528959,0.100000001,0.100000001
35,Elizabeth,PERSON,0.028869519,0,0.100000001
35,Fitzwilliam,LOCATION,0.010638089,0,0
35,Elizabeth,PERSON,0.421415269,0,0.400000006
35,Fitzwilliam,LOCATION,0.11455182,0,0
35,Elizabeth,PERSON,0.009749093,-0.600000024,0.600000024
35,Fitzwilliam,LOCATION,0.201455757,0,0
35,Elizabeth,PERSON,0.527555525,0,0
35,Fitzwilliam,PERSON,0.113752589,0,0
35,Fitzwilliam,LOCATION,0.045366168,0.100000001,0.100000001
35,Elizabeth,PERSON,0.153607786,0,0
35,Fitzwilliam,LOCATION,0.055192072,0,0
35,Elizabeth,PERSON,0.823907316,-0.100000001,0.600000024
35,Fitzwilliam,LOCATION,0.194626823,-0.100000001,0.100000001
35,Elizabeth,PERSON,0.082138471,-0.100000001,0.100000001
35,Fitzwilliam,LOCATION,0.010675681,0,0
35,Charlotte,LOCATION,0.005894973,-0.100000001,0.100000001
35,Jane,PERSON,0.003247868,0,0
36,Elizabeth,PERSON,0.570192993,0,0.400000006
36,Fitzwilliam,LOCATION,0.004306858,0,0
36,Fitzwilliam,LOCATION,0.011529857,0,0
36,Elizabeth,PERSON,0.461083502,0.100000001,0.600000024
36,Charles,PERSON,0.011249001,-0.300000012,0.300000012
36,Charles,PERSON,0.025291387,0,0.100000001
36,Charles,PERSON,0.09811949,0,0.400000006
36,Caroline,PERSON,0.006135849,0,0.100000001
36,Fitzwilliam,LOCATION,0.000866669,0,0
36,Fitzwilliam,LOCATION,1,0,0
37,Elizabeth,PERSON,0.355100095,0,2.099999905
37,Fitzwilliam,PERSON,0.116090581,0,0.100000001
37,Fitzwilliam,LOCATION,0.047053058,0.100000001,0.300000012
37,Fitzwilliam,LOCATION,0.008201418,0,0
37,Fitzwilliam,PERSON,0.00472399,0,0
37,Fitzwilliam,LOCATION,0.019945998,0,0.100000001
37,Charles,PERSON,0.105872132,0,0
37,Fitzwilliam,LOCATION,0.005172451,0,0
37,Jane,PERSON,0.005172451,0,0
37,Fitzwilliam,LOCATION,0.496987879,-0.200000003,0.200000003
37,Jane,PERSON,0.24970983,0,0.300000012
37,Charles,PERSON,0.057364337,0,0
37,Fitzwilliam,LOCATION,0.019333689,0,0
37,Charlotte,LOCATION,0.002177167,0,0
37,Jane,PERSON,0.020531949,-0.200000003,0.200000003
37,Elizabeth,PERSON,0.069060266,0.100000001,0.200000003
37,Fitzwilliam,LOCATION,0.058758464,0,0
38,Elizabeth,PERSON,0.654292822,0,0.200000003
38,Fitzwilliam,LOCATION,0.005633213,0,0
38,Elizabeth,PERSON,0.794830322,0,0.200000003
38,Fitzwilliam,LOCATION,0.002885499,-0.100000001,0.100000001
38,Elizabeth,PERSON,0.006341493,0,0
38,Fitzwilliam,LOCATION,0.051161226,0.400000006,0.400000006
38,Lydia,PERSON,0.014796495,-0.100000001,0.699999988
38,Jane,PERSON,0.001900481,0.100000001,0.100000001
38,Elizabeth,PERSON,0.001900481,0.100000001,0.100000001
38,Jane,PERSON,0.424422443,0.100000001,0.600000024
38,Fitzwilliam,LOCATION,0.041304812,0.200000003,0.200000003
38,Charles,PERSON,0.012168685,0.200000003,0.200000003
39,Elizabeth,PERSON,0.129676193,0,0
39,Elizabeth,PERSON,0.219121039,0.100000001,0.300000012
39,Elizabeth,PERSON,0.533809721,0.400000006,2
39,Charlotte,LOCATION,0.012642891,0.200000003,0.200000003
39,Elizabeth,PERSON,0.073644251,0,0
39,Elizabeth,PERSON,0.079572022,0.300000012,0.600000024
39,Charlotte,LOCATION,0.004851164,0.5,0.5
39,Elizabeth,PERSON,0.085704312,0.200000003,0.699999988
39,Charlotte,LOCATION,0.00697626,-0.800000012,0.800000012
39,Elizabeth,PERSON,0.158514053,0.100000001,0.600000024
39,Elizabeth,PERSON,0.394526541,0,0
39,Elizabeth,PERSON,1,0,0
39,Elizabeth,PERSON,0.400685847,0,0
39,Jane,PERSON,0.284961134,0,0
39,Fitzwilliam,LOCATION,0.056184754,0,0
39,Jane,PERSON,0.018288013,0.100000001,0.100000001
39,Charles,PERSON,0.008966823,0.100000001,0.100000001
40,Lydia,PERSON,0.021341374,0,0
40,Lydia,PERSON,0.851836026,0,0.300000012
40,Elizabeth,PERSON,0.462546885,0.699999988,0.699999988
40,Elizabeth,PERSON,0.233438671,0.200000003,0.200000003
40,Lydia,PERSON,0.727702022,0,0
40,Elizabeth,PERSON,0.266451001,0,0
40,Jane,PERSON,0.260944486,0,0
40,Lydia,PERSON,0.011709881,0.300000012,0.300000012
40,Elizabeth,PERSON,0.274090588,0,0
40,Jane,PERSON,0.80882442,0,0
40,Elizabeth,PERSON,0.511469245,0,0
40,Lydia,PERSON,0.025963167,0,0
40,Lydia,PERSON,0.436700374,0,4
40,Jane,PERSON,0.073673122,0.100000001,0.400000006
40,Elizabeth,PERSON,0.004640741,-0.100000001,0.100000001
40,Lydia,PERSON,0.333449066,0.200000003,0.400000006
40,Elizabeth,PERSON,0.025318367,0,0.100000001
40,Jane,PERSON,0.020092485,0.100000001,0.100000001
40,Elizabeth,PERSON,0.009205612,0.100000001,0.100000001
40,Elizabeth,PERSON,1,0.600000024,0.600000024
40,Jane,PERSON,0.072824679,0,0
40,Lydia,PERSON,0.043542884,0,0
40,Lydia,PERSON,0.40975982,-0.200000003,0.5
40,Lydia,PERSON,0.103438713,0,0
40,Elizabeth,PERSON,0.035370708,0,0
40,Elizabeth,PERSON,0.155126944,0,0.200000003
40,Lydia,PERSON,0.077714048,0,0
41,Elizabeth,PERSON,0.372445047,0,0.100000001
41,Jane,PERSON,0.133650333,0,0
41,Fitzwilliam,LOCATION,0.014529374,0,0
41,Fitzwilliam,LOCATION,0.013235097,-0.100000001,0.100000001
41,Elizabeth,PERSON,0.77188009,-0.100000001,0.600000024
41,Jane,PERSON,0.014802263,-0.300000012,0.300000012
41,Fitzwilliam,LOCATION,0.013635576,0.200000003,0.200000003
41,Elizabeth,PERSON,0.235264599,0,0
41,Fitzwilliam,LOCATION,0.022298774,0.100000001,0.100000001
41,Jane,PERSON,0.322743177,0.100000001,0.100000001
41,Elizabeth,PERSON,0.086754829,-0.5,0.5
41,Fitzwilliam,LOCATION,0.085933685,-0.800000012,0.800000012
41,Fitzwilliam,LOCATION,0.466821194,-0.200000003,0.200000003
41,Elizabeth,PERSON,0.577778816,0,0
41,Jane,PERSON,0.375842035,-0.699999988,0.699999988
41,Fitzwilliam,LOCATION,0.144085541,-0.100000001,0.100000001
41,Fitzwilliam,LOCATION,0.067894086,-0.100000001,0.100000001
41,Fitzwilliam,ORGANIZATION,0.017539861,0,0
41,Elizabeth,PERSON,0.636083663,0,1.100000024
41,Charles,PERSON,0.008504444,0,0
41,Jane,PERSON,0.005330465,0.200000003,0.200000003
41,Fitzwilliam,LOCATION,0.003611653,-0.100000001,0.100000001
41,Jane,PERSON,0.459453791,0,2.400000095
41,Charles,PERSON,0.006480576,0.300000012,0.300000012
41,Elizabeth,PERSON,0.602043033,0,0.600000024
41,Jane,PERSON,0.019518629,0,0
41,Jane,PERSON,0.006511794,-0.100000001,0.100000001
41,Elizabeth,PERSON,0.450722843,-0.300000012,0.300000012
41,Elizabeth,PERSON,0.510097861,0.100000001,0.800000012
41,Charlotte,LOCATION,0.00857547,0.600000024,0.600000024
42,Lydia,PERSON,0.011397466,0,0
42,Elizabeth,PERSON,0.04860295,0.100000001,0.100000001
42,Lydia,PERSON,0.867673814,0.100000001,0.300000012
42,Elizabeth,PERSON,0.264836848,0,0.5
42,Fitzwilliam,LOCATION,0.01729024,0,0
42,Lydia,PERSON,0.290082008,0.100000001,0.300000012
42,Lydia,PERSON,0.327954441,0,0.5
42,Lydia,PERSON,0.069565408,0,0
42,Elizabeth,PERSON,0.606277287,0,1.5
42,Jane,PERSON,0.150910631,-0.200000003,0.400000006
42,Lydia,PERSON,0.007103392,0,0.100000001
42,Lydia,PERSON,0.861811578,-0.100000001,0.899999976
42,Elizabeth,PERSON,0.516799629,0,0
42,Lydia,PERSON,0.042970389,0,0
42,Elizabeth,PERSON,0.046232466,-0.600000024,0.600000024
42,Lydia,PERSON,0.022568349,-0.100000001,0.100000001
42,Lydia,PERSON,0.037076872,0,0.400000006
42,Lydia,PERSON,0.095196515,-0.100000001,0.400000006
42,Jane,PERSON,0.076657757,0.200000003,0.200000003
42,Elizabeth,PERSON,0.743065059,0,0.800000012
42,Lydia,PERSON,0.351108909,0,1
42,Lydia,PERSON,0.18041414,0,0.100000001
42,Lydia,PERSON,0.113600194,0,0
42,Elizabeth,PERSON,0.694601417,-0.100000001,2.700000048
42,Elizabeth,PERSON,0.170004085,0,0
42,Fitzwilliam,LOCATION,0.008658896,0,0
42,Fitzwilliam,LOCATION,0.442012906,0.100000001,0.100000001
42,Elizabeth,PERSON,0.806219578,0.100000001,0.300000012
42,Fitzwilliam,LOCATION,0.131590962,0.300000012,0.300000012
42,Elizabeth,PERSON,0.742923796,0,0.5
42,Lydia,PERSON,0.069319241,0.100000001,0.400000006
43,Elizabeth,PERSON,0.22540921,0.200000003,1
43,Elizabeth,PERSON,0.604894459,0,1.299999952
43,Elizabeth,PERSON,0.14733243,0,0
43,Jane,PERSON,0.001649775,0,0
43,Lydia,PERSON,0.099037521,-0.300000012,0.300000012
43,Elizabeth,PERSON,0.017936788,0,0.100000001
43,Elizabeth,PERSON,0.781061232,0,0.5
43,Jane,PERSON,0.237015605,0.100000001,0.699999988
43,Elizabeth,PERSON,0.043297853,0,0
43,Elizabeth,PERSON,0.058362704,0,0.200000003
43,Elizabeth,PERSON,0.857965589,-0.200000003,1.5
43,Elizabeth,PERSON,0.416243047,0,0.100000001
43,Fitzwilliam,LOCATION,0.018931493,0,0
44,Elizabeth,PERSON,0.545219541,0,0.100000001
44,Elizabeth,PERSON,0.431397498,0.300000012,2
44,Elizabeth,PERSON,0.100578941,0,0
44,Elizabeth,PERSON,0.027617648,0.200000003,0.5
44,Elizabeth,PERSON,0.009099207,0.200000003,0.200000003
44,Elizabeth,PERSON,0.084079884,0.200000003,0.200000003
44,Elizabeth,PERSON,0.004805787,0,0
44,Elizabeth,PERSON,0.052747838,0.200000003,0.200000003
44,Fitzwilliam,LOCATION,0.261746585,0,0
44,Elizabeth,PERSON,1,0.200000003,0.200000003
44,Elizabeth,PERSON,0.546302319,0,0
44,Elizabeth,PERSON,0.588011205,0,0
44,Elizabeth,PERSON,0.365908891,0.100000001,0.200000003
44,Elizabeth,PERSON,0.11902976,0,0.100000001
44,Elizabeth,PERSON,0.94899106,0,0.100000001
44,Fitzwilliam,LOCATION,0.051008943,0,0
44,Elizabeth,PERSON,0.275436968,-0.100000001,0.400000006
44,Elizabeth,PERSON,0.178869337,0,0
44,Elizabeth,PERSON,0.23942405,0.100000001,0.300000012
44,Elizabeth,PERSON,0.237000138,0,0.100000001
44,Elizabeth,PERSON,0.435251534,0,0.400000006
44,Fitzwilliam,LOCATION,0.008934221,0,0
44,Elizabeth,PERSON,0.205522284,0.100000001,0.200000003
44,Elizabeth,PERSON,0.301977396,0,0
44,Elizabeth,PERSON,0.010773735,0.300000012,0.300000012
44,Fitzwilliam,LOCATION,0.006841256,-0.100000001,0.100000001
44,Elizabeth,PERSON,0.296233684,0,1.100000024
44,Elizabeth,PERSON,0.317093968,0,0.400000006
44,Fitzwilliam,LOCATION,0.003687326,0,0
44,Elizabeth,PERSON,0.059942272,0.100000001,1.799999952
44,Fitzwilliam,LOCATION,0.000666067,0,0
44,Elizabeth,PERSON,0.084666938,0.200000003,1
44,Fitzwilliam,LOCATION,0.269828856,0,0.100000001
44,Elizabeth,PERSON,0.089390285,0,0.899999976
44,Elizabeth,PERSON,0.058865566,0,0.5
44,Charles,PERSON,0.011564139,0,0
44,Fitzwilliam,LOCATION,0.005246447,0.100000001,0.100000001
44,Elizabeth,PERSON,0.505717695,0,0
44,Charles,PERSON,0.212812707,0,0.100000001
44,Elizabeth,PERSON,0.225890771,0.400000006,0.800000012
44,Fitzwilliam,LOCATION,0.176012352,0,0
44,Elizabeth,PERSON,0.017827217,0,0
44,Elizabeth,PERSON,0.085797116,0,0
44,Elizabeth,PERSON,0.163413197,0,0
44,Elizabeth,PERSON,0.946646035,0.200000003,1.100000024
44,Elizabeth,PERSON,0.557790101,0,0
44,Elizabeth,PERSON,0.401565254,0,0.200000003
44,Elizabeth,PERSON,0.484868407,0,0.100000001
44,Fitzwilliam,LOCATION,0.008046241,0,0
45,Elizabeth,PERSON,0.484966666,0,2.299999952
45,Fitzwilliam,LOCATION,0.024059236,0,0
45,Elizabeth,PERSON,0.316443801,0,0.5
45,Elizabeth,PERSON,0.153265283,0.100000001,0.5
45,Fitzwilliam,LOCATION,0.007010181,0.300000012,0.300000012
45,Charles,PERSON,0.455449075,0,0
45,Elizabeth,PERSON,0.129815623,-0.100000001,0.699999988
45,Fitzwilliam,PERSON,0.061467912,0,0
45,Fitzwilliam,LOCATION,0.007923465,0,0
45,Elizabeth,PERSON,0.784325957,0.100000001,1.5
45,Charles,PERSON,0.003990178,0.600000024,0.600000024
45,Fitzwilliam,LOCATION,0.002471735,0.5,0.5
45,Charles,PERSON,0.056722984,0,0
45,Jane,PERSON,0.008618662,0,0.100000001
45,Elizabeth,PERSON,0.562338591,0.100000001,0.400000006
45,Fitzwilliam,LOCATION,0.045430344,0,0
45,Fitzwilliam,LOCATION,0.040599961,0,0
45,Elizabeth,PERSON,0.005081292,0,0
45,Elizabeth,PERSON,0.348759085,0.100000001,1.100000024
45,Charles,PERSON,0.042493392,0.200000003,0.400000006
45,Fitzwilliam,LOCATION,0.015215522,0.400000006,0.400000006
45,Fitzwilliam,LOCATION,0.054577377,0,0
45,Fitzwilliam,LOCATION,0.007721568,0,0
45,Elizabeth,PERSON,0.04447012,0,0
45,Elizabeth,PERSON,0.051760953,0,0.200000003
46,Caroline,PERSON,0.507542074,-0.200000003,0.400000006
46,Elizabeth,PERSON,0.129425839,-0.100000001,0.100000001
46,Caroline,PERSON,0.029213933,0,0
46,Caroline,PERSON,0.078763142,0,0
46,Elizabeth,PERSON,0.003037944,0,0
46,Elizabeth,PERSON,0.788816333,0,0.899999976
46,Caroline,PERSON,0.031306125,0,0
46,Elizabeth,PERSON,0.621692777,0,0
46,Fitzwilliam,LOCATION,0.031647209,0,0
46,Elizabeth,PERSON,0.124353833,0,0.300000012
46,Caroline,PERSON,0.006147877,0,0
46,Fitzwilliam,LOCATION,0.001380265,0,0
46,Elizabeth,PERSON,0.269526839,0,0
46,Elizabeth,PERSON,0.390556365,0,1.100000024
46,Fitzwilliam,LOCATION,0.013650604,0,0.100000001
46,Elizabeth,PERSON,0.003622139,0,0
46,Caroline,PERSON,0.001442509,0,0
46,Charles,PERSON,0.000813628,0,0
46,Elizabeth,PERSON,0.503654718,0.100000001,1
46,Caroline,PERSON,0.033561241,0,0
46,Caroline,PERSON,0.466771483,0,0.400000006
46,Fitzwilliam,PERSON,0.030630676,0,0.100000001
46,Fitzwilliam,LOCATION,0.014832993,0,0
46,Elizabeth,PERSON,0.010786226,0,0
46,Elizabeth,PERSON,0.437732339,0,0.100000001
46,Fitzwilliam,LOCATION,0.078600295,0,0
46,Fitzwilliam,LOCATION,0.317252636,-0.100000001,0.100000001
46,Caroline,PERSON,0.706212401,0,0.400000006
46,Elizabeth,PERSON,0.086431198,-0.100000001,0.100000001
46,Fitzwilliam,LOCATION,0.082544968,-0.100000001,0.100000001
46,Fitzwilliam,LOCATION,0.349693328,0,0
46,Caroline,PERSON,0.477753818,0,0
46,Elizabeth,PERSON,0.027684007,0,0
47,Elizabeth,PERSON,0.472466469,0,0.400000006
47,Jane,PERSON,0.025507355,0,0.100000001
47,Lydia,PERSON,0.173043698,0,0.200000003
47,Elizabeth,PERSON,0.063417852,0.100000001,0.300000012
47,Elizabeth,PERSON,0.280094773,-0.100000001,0.200000003
47,Lydia,PERSON,0.05965659,0,0.200000003
47,Elizabeth,PERSON,0.357309878,0,1.200000048
47,Fitzwilliam,PERSON,0.016576448,0,0
47,Lydia,PERSON,0.005004841,-0.100000001,0.100000001
47,Elizabeth,PERSON,0.758185923,0,0.5
47,Fitzwilliam,LOCATION,0.063983276,-0.300000012,0.300000012
47,Jane,PERSON,0.020437663,-0.200000003,0.200000003
47,Fitzwilliam,LOCATION,0.010746603,0,0
47,Fitzwilliam,LOCATION,0.253991008,0.300000012,0.300000012
47,Fitzwilliam,LOCATION,1,-0.100000001,0.100000001
47,Jane,PERSON,0.107821077,0,0
47,Fitzwilliam,PERSON,0.824292481,0,0
47,Elizabeth,PERSON,0.563593745,-0.100000001,2.200000048
47,Fitzwilliam,LOCATION,0.067851052,-0.600000024,0.600000024
47,Lydia,PERSON,0.405231684,-0.100000001,2.5
47,Elizabeth,PERSON,0.009827794,-0.200000003,0.200000003
47,Elizabeth,PERSON,0.182535991,0,0.100000001
47,Elizabeth,PERSON,0.44481051,0,2.299999952
47,Lydia,PERSON,0.05398424,-0.100000001,0.600000024
47,Jane,PERSON,0.003108563,0.300000012,0.600000024
47,Lydia,PERSON,0.421815604,0.100000001,0.5
47,Jane,PERSON,0.166194856,0,0
47,Lydia,PERSON,0.111566819,0,0
47,Fitzwilliam,LOCATION,0.002288932,0,0
47,Elizabeth,PERSON,0.002144212,0.200000003,0.200000003
47,Elizabeth,PERSON,0.522205234,-0.100000001,0.899999976
48,Elizabeth,PERSON,0.057876751,0,0
48,Elizabeth,PERSON,1,0.200000003,0.200000003
48,Elizabeth,PERSON,0.007745681,0,0
48,Lydia,PERSON,0.113963179,0,0.600000024
48,Jane,PERSON,0.013415802,0.100000001,0.100000001
48,Lydia,PERSON,0.214688137,0.100000001,0.100000001
48,Elizabeth,PERSON,0.172716662,0,0.200000003
48,Jane,PERSON,0.187533244,0,0
48,Jane,PERSON,0.311668694,0,0.100000001
48,Elizabeth,PERSON,0.489949614,0,0.699999988
48,Fitzwilliam,LOCATION,0.017370146,-0.100000001,0.100000001
48,Lydia,PERSON,0.729506135,0,0.100000001
48,Jane,PERSON,0.016273774,0.200000003,0.200000003
48,Jane,PERSON,0.065105483,0,0.100000001
48,Lydia,PERSON,0.059631933,-0.100000001,0.200000003
48,Fitzwilliam,LOCATION,0.017183775,0.200000003,0.200000003
48,Elizabeth,PERSON,0.080357358,0.200000003,0.400000006
48,Jane,PERSON,0.063889258,0.5,0.5
48,Elizabeth,PERSON,0.028173907,0.400000006,0.400000006
48,Elizabeth,PERSON,0.436562598,0.100000001,0.200000003
48,Jane,PERSON,0.274793863,0.100000001,0.300000012
48,Elizabeth,PERSON,0.434788704,0,0
48,Jane,PERSON,0.888861775,0,0.100000001
48,Elizabeth,PERSON,1,-0.200000003,0.200000003
48,Jane,PERSON,0.047388852,0.200000003,0.5
48,Lydia,PERSON,0.051743042,0,0
48,Elizabeth,PERSON,0.037517395,0,0
48,Jane,PERSON,0.032816388,0,0
48,Lydia,PERSON,0.553725362,-0.100000001,0.899999976
48,Lydia,PERSON,0.014263198,0,0
48,Lydia,PERSON,0.070827752,-0.100000001,1
48,Elizabeth,PERSON,0.00362341,0,0
48,Elizabeth,PERSON,0.07970386,0,0
48,Lydia,PERSON,0.031015448,0,0.400000006
48,Elizabeth,PERSON,0.476787895,-0.100000001,0.200000003
48,Elizabeth,PERSON,0.031608351,0,0.300000012
48,Jane,PERSON,0.018849704,0.100000001,0.100000001
48,Lydia,PERSON,0.019273611,0,0
48,Lydia,PERSON,0.064027965,0.100000001,0.300000012
48,Jane,PERSON,1,0,0
48,Lydia,PERSON,0.078853026,0,0
48,Jane,PERSON,0.850589275,0,0.100000001
48,Elizabeth,PERSON,0.018766308,0,0
48,Lydia,PERSON,0.01241694,0,0
48,Elizabeth,PERSON,0.193041161,0,0
48,Lydia,PERSON,0.161597058,-0.600000024,0.600000024
48,Jane,PERSON,0.487493455,0,0
48,Elizabeth,PERSON,0.171845526,0,0
48,Elizabeth,PERSON,0.114175364,0,0
48,Jane,PERSON,0.157963514,0,0
49,Elizabeth,PERSON,0.032050297,0,0.100000001
49,Jane,PERSON,0.024265131,0,0
49,Elizabeth,PERSON,0.003111059,0.200000003,0.200000003
49,Elizabeth,PERSON,0.490828454,0,0.400000006
49,Elizabeth,PERSON,0.023965754,0,0
49,Jane,PERSON,0.023052629,0,0
49,Charlotte,LOCATION,0.001803104,0,0
49,Lydia,PERSON,0.003092373,-0.100000001,0.100000001
49,Jane,PERSON,0.001396802,0,0
49,Lydia,PERSON,0.419067353,0,0
49,Elizabeth,PERSON,0.442610621,0,0.200000003
49,Elizabeth,PERSON,0.433087975,-0.100000001,0.699999988
49,Fitzwilliam,LOCATION,0.004189186,-0.100000001,0.100000001
49,Lydia,PERSON,0.004189186,-0.100000001,0.100000001
49,Elizabeth,PERSON,0.436601996,0,0.100000001
49,Elizabeth,PERSON,1,0,0
49,Elizabeth,PERSON,0.085980095,-0.400000006,0.400000006
49,Lydia,PERSON,0.436097175,0,0
49,Elizabeth,PERSON,0.307874978,0.100000001,0.100000001
49,Lydia,PERSON,0.012512732,0.100000001,0.100000001
50,Jane,PERSON,0.3078053,0,0.100000001
50,Elizabeth,PERSON,0.079022445,0,0
50,Jane,PERSON,0.685072184,0,0
50,Elizabeth,PERSON,0.064165942,0,0
50,Elizabeth,PERSON,0.609499097,0,0
50,Jane,PERSON,0.094765745,0.200000003,0.200000003
50,Jane,PERSON,1,0,0.100000001
50,Elizabeth,PERSON,1,0,0
50,Elizabeth,PERSON,1,0,0.100000001
50,Elizabeth,PERSON,0.179172322,-0.200000003,0.200000003
50,Jane,PERSON,0.830345273,0,0.100000001
50,Elizabeth,PERSON,0.890862167,0,0
50,Jane,PERSON,0.063810818,0,0
50,Lydia,PERSON,0.096376017,0,0
50,Elizabeth,PERSON,0.595599294,0.100000001,0.200000003
50,Elizabeth,PERSON,0.319167882,-0.100000001,0.100000001
50,Lydia,PERSON,0.104833178,0,0
50,Jane,PERSON,0.274810284,0,0.600000024
50,Lydia,PERSON,0.2241669,-0.100000001,0.300000012
50,Elizabeth,PERSON,0.29731825,0.200000003,0.800000012
50,Jane,PERSON,0.610355914,0.100000001,0.800000012
50,Elizabeth,PERSON,0.378601402,0,0
50,Elizabeth,PERSON,0.065118022,0.100000001,0.100000001
50,Jane,PERSON,0.007220302,0.100000001,0.100000001
50,Lydia,PERSON,0.005859592,0.200000003,0.200000003
50,Lydia,PERSON,0.751564801,0.5,1.600000024
50,Elizabeth,PERSON,0.030942103,0,0.100000001
50,Jane,PERSON,0.002793625,0.300000012,0.300000012
50,Jane,PERSON,0.24604933,0,0
50,Lydia,PERSON,0.100641496,0.100000001,0.400000006
50,Elizabeth,PERSON,0.389510989,0,0.300000012
50,Lydia,PERSON,0.69264847,0,0.800000012
51,Lydia,PERSON,0.05368939,0,0.600000024
51,Lydia,PERSON,0.008973682,0,0
51,Lydia,PERSON,0.148112535,0,0.600000024
51,Lydia,PERSON,0.039785203,0,0.100000001
51,Jane,PERSON,0.005271892,0,0
51,Elizabeth,PERSON,0.507182896,0,0.200000003
51,Fitzwilliam,LOCATION,0.025305662,0,0
51,Lydia,PERSON,0.011750735,0,0
51,Fitzwilliam,LOCATION,0.006278164,0,0
51,Lydia,PERSON,0.224674344,0,0
51,Lydia,PERSON,0.117177427,0,0.300000012
51,Jane,PERSON,0.297498167,0,0.100000001
51,Elizabeth,PERSON,0.102633856,0,0.200000003
52,Jane,PERSON,0.637570202,-0.100000001,1.700000048
52,Elizabeth,PERSON,0.225918949,0,0.100000001
52,Lydia,PERSON,0.001747326,-0.300000012,0.300000012
52,Lydia,PERSON,0.686062753,0.100000001,0.899999976
52,Lydia,PERSON,0.126822442,0.200000003,0.899999976
52,Elizabeth,PERSON,0.004972655,-0.699999988,0.699999988
52,Elizabeth,PERSON,0.057222869,0,0.200000003
52,Jane,PERSON,0.003809408,0,0
52,Lydia,PERSON,0.049632151,0,0
52,Elizabeth,PERSON,0.008643028,0,0
52,Elizabeth,PERSON,0.480596572,0,0.800000012
52,Jane,PERSON,0.030945107,-0.5,0.5
52,Lydia,PERSON,0.027272707,0,0
52,Elizabeth,PERSON,0.798308492,0,0.5
52,Lydia,PERSON,0.054460812,0.100000001,0.400000006
52,Jane,PERSON,0.009508914,0,0
52,Lydia,ORGANIZATION,0.193636432,0.100000001,0.100000001
52,Lydia,PERSON,0.37668851,-0.5,1
52,Elizabeth,PERSON,0.780906677,-0.100000001,0.400000006
52,Elizabeth,PERSON,0.477530301,0,0.400000006
52,Lydia,PERSON,0.070464432,0.200000003,0.400000006
52,Lydia,PERSON,0.429706931,0.300000012,1
52,Elizabeth,PERSON,0.055452276,0,0
52,Elizabeth,PERSON,0.37528196,0,0
52,Elizabeth,PERSON,0.81668824,0,0.100000001
52,Fitzwilliam,LOCATION,0.001755546,0,0
52,Elizabeth,PERSON,0.118241318,0.5,0.5
52,Jane,PERSON,0.635103166,0,0.100000001
52,Elizabeth,PERSON,0.254310995,0,0
52,Lydia,PERSON,0.850739956,0,0.100000001
52,Elizabeth,PERSON,0.5071401,0,0
52,Fitzwilliam,LOCATION,0.026563819,0,0
52,Lydia,PERSON,0.005792736,0,0
52,Lydia,PERSON,0.021481173,0,0
52,Jane,PERSON,0.311079055,0,0
52,Elizabeth,PERSON,0.269301564,0,0
52,Lydia,PERSON,0.01867523,0,0
53,Elizabeth,PERSON,0.668502271,0.100000001,1
53,Fitzwilliam,LOCATION,0.0192369,-0.200000003,0.200000003
53,Lydia,PERSON,0.004879601,0,0
53,Lydia,PERSON,0.017695753,-0.100000001,2.599999905
53,Fitzwilliam,PERSON,0.796163917,0,0.200000003
53,Fitzwilliam,LOCATION,0.070973195,0,0
53,Elizabeth,PERSON,0.037564516,-0.300000012,0.300000012
53,Jane,PERSON,0.005636931,0,0
53,Elizabeth,PERSON,0.005500006,0,0
53,Elizabeth,PERSON,0.013362744,0.100000001,0.100000001
53,Lydia,PERSON,0.128702983,-0.100000001,3
53,Jane,PERSON,0.016241029,0.200000003,0.400000006
53,Elizabeth,PERSON,0.012429636,0.200000003,0.400000006
53,Fitzwilliam,LOCATION,0.119099081,0.300000012,0.300000012
53,Lydia,PERSON,0.105615623,0.300000012,0.300000012
53,Elizabeth,PERSON,0.016143091,0,0
53,Fitzwilliam,LOCATION,0.022944076,0,0.100000001
53,Elizabeth,PERSON,0.017796785,-0.100000001,0.100000001
53,Lydia,PERSON,0.006334903,0,0
53,Lydia,PERSON,0.134403676,0,0
53,Elizabeth,PERSON,0.578459024,0,0.100000001
53,Fitzwilliam,LOCATION,0.390722692,0.200000003,0.200000003
53,Elizabeth,PERSON,0.163040817,0,0
53,Fitzwilliam,LOCATION,0.026012132,0,0
54,Elizabeth,PERSON,0.32816264,0.200000003,0.800000012
54,Lydia,PERSON,0.087896578,0,0
54,Lydia,PERSON,1,0,0
54,Elizabeth,PERSON,0.044168759,0,0
54,Lydia,PERSON,0.693940103,0,0
54,Jane,PERSON,0.004741354,0,0
54,Charles,PERSON,0.126222119,0.100000001,0.100000001
54,Elizabeth,PERSON,0.014150149,0.100000001,0.100000001
54,Elizabeth,PERSON,0.305817664,0,0
54,Elizabeth,PERSON,0.826595306,0,0.100000001
54,Jane,PERSON,0.023012752,0,0
54,Elizabeth,PERSON,0.614329815,0,0.300000012
54,Charles,PERSON,0.359039783,0.100000001,0.100000001
54,Charles,PERSON,0.0502115,0,0
54,Jane,PERSON,0.81699872,0,0.699999988
54,Elizabeth,PERSON,0.731239319,0,0
54,Charles,PERSON,0.124279551,0.400000006,0.400000006
54,Jane,PERSON,0.519524455,0,0.100000001
54,Elizabeth,PERSON,0.099380426,0,0
54,Fitzwilliam,LOCATION,0.010363241,0,0
54,Fitzwilliam,LOCATION,0.235260099,0.400000006,0.400000006
54,Charles,PERSON,0.062723368,0,0
54,Elizabeth,PERSON,0.200865328,0.100000001,0.300000012
54,Jane,PERSON,0.12572594,0,1
54,Charles,PERSON,0.00698291,0,0.100000001
54,Fitzwilliam,LOCATION,0.003897236,-0.100000001,0.100000001
54,Jane,PERSON,0.127891973,0.5,1.5
54,Elizabeth,PERSON,0.009898174,0.100000001,0.100000001
54,Elizabeth,PERSON,0.627472878,0,0.200000003
54,Fitzwilliam,LOCATION,0.007219451,0,0
54,Charles,PERSON,0.680955052,0,0.200000003
54,Elizabeth,PERSON,0.520397484,-0.100000001,0.600000024
54,Fitzwilliam,PERSON,0.57959044,0,0.5
54,Jane,PERSON,0.007986414,0,0.100000001
54,Charles,PERSON,0.56434536,0,0
54,Lydia,PERSON,0.00657959,0,0
54,Charles,PERSON,0.63983953,0.200000003,0.600000024
54,Elizabeth,PERSON,0.153297797,-0.100000001,0.300000012
54,Fitzwilliam,PERSON,0.091433048,0,0
54,Charles,PERSON,0.491778433,0.100000001,1
54,Elizabeth,PERSON,0.598599136,-0.100000001,1
54,Charles,PERSON,0.062925145,0,0.200000003
54,Fitzwilliam,LOCATION,0.042966057,-0.200000003,0.200000003
54,Charles,PERSON,0.052746162,0,0
54,Elizabeth,PERSON,0.221494347,-0.200000003,0.200000003
54,Jane,PERSON,0.019997841,0,0
54,Jane,PERSON,0.167888016,0,0.300000012
54,Charles,PERSON,0.020844216,0.100000001,0.100000001
54,Charles,PERSON,0.622892022,0,0
55,Elizabeth,PERSON,0.684233069,0,0.100000001
55,Fitzwilliam,LOCATION,0.015474245,0,0
55,Elizabeth,PERSON,0.024343338,0.200000003,0.200000003
55,Elizabeth,PERSON,0.511842787,-0.100000001,0.100000001
55,Jane,PERSON,0.125874281,0.200000003,0.200000003
55,Elizabeth,PERSON,0.563437641,0,0
55,Charles,PERSON,0.018280527,0,0
55,Elizabeth,PERSON,0.086053625,0.100000001,0.400000006
55,Charles,PERSON,0.063000716,0,0
55,Jane,PERSON,0.011658163,0,0
55,Elizabeth,PERSON,0.54413867,0.100000001,0.400000006
55,Charles,PERSON,0.154489473,0,0.100000001
55,Fitzwilliam,LOCATION,0.008689456,0,0
55,Jane,PERSON,0.333851844,0,0.899999976
55,Elizabeth,PERSON,0.056953944,0,0.200000003
55,Fitzwilliam,LOCATION,0.004848206,0,0
55,Elizabeth,PERSON,0.121435307,0,0
55,Fitzwilliam,PERSON,0.624733448,-0.300000012,1.399999976
55,Elizabeth,PERSON,0.025796304,0,0
55,Elizabeth,PERSON,0.63840574,-0.200000003,2
55,Fitzwilliam,LOCATION,0.023419037,0.5,0.5
55,Jane,PERSON,0.013279522,0.5,0.5
55,Charles,PERSON,0.023787683,0,0
55,Jane,PERSON,0.016143303,0,0
55,Elizabeth,PERSON,0.111736387,0.100000001,0.100000001
55,Elizabeth,PERSON,1,0.699999988,0.699999988
55,Elizabeth,PERSON,0.396532774,-0.100000001,0.100000001
56,Charles,PERSON,0.704865158,0,0.899999976
56,Jane,PERSON,0.162007675,0.100000001,0.100000001
56,Charles,PERSON,0.124499038,0.200000003,0.400000006
56,Elizabeth,PERSON,0.038046438,0,0.100000001
56,Jane,PERSON,0.409443289,0,0.100000001
56,Jane,PERSON,0.741844416,0,0.100000001
56,Elizabeth,PERSON,0.202235386,0,0.100000001
56,Jane,PERSON,0.255866855,0,0
56,Elizabeth,PERSON,0.005355118,0,0
56,Elizabeth,PERSON,0.675777972,0.100000001,0.100000001
56,Elizabeth,PERSON,1,-0.400000006,0.400000006
56,Elizabeth,PERSON,0.40495941,0,0.100000001
56,Charles,PERSON,0.465141833,0.200000003,0.800000012
56,Jane,PERSON,0.467266053,-0.100000001,0.200000003
56,Elizabeth,PERSON,0.087369069,0.100000001,0.300000012
56,Fitzwilliam,PERSON,0.020162208,0.100000001,0.100000001
56,Charles,PERSON,0.013812056,0.100000001,0.100000001
56,Charles,PERSON,0.650918782,0,1.5
56,Elizabeth,PERSON,0.058947697,0,0
56,Charles,PERSON,0.171727657,0,0
56,Elizabeth,PERSON,0.00275077,0,0
56,Jane,PERSON,0.249465793,0.300000012,0.699999988
56,Elizabeth,PERSON,0.178043857,0.200000003,0.5
56,Jane,PERSON,0.172489882,0.100000001,0.899999976
56,Elizabeth,PERSON,0.114813954,0.600000024,0.600000024
56,Elizabeth,PERSON,0.020428652,0.5,0.5
56,Elizabeth,PERSON,0.687012434,0.100000001,0.300000012
56,Charles,PERSON,0.534841597,0,0
56,Elizabeth,PERSON,0.126678362,0.200000003,1.399999976
56,Jane,PERSON,0.013975968,0.100000001,0.300000012
56,Charles,PERSON,0.037712689,0,0.100000001
56,Jane,PERSON,0.323467731,0.600000024,0.600000024
56,Jane,PERSON,0.790576637,0.200000003,0.200000003
56,Jane,PERSON,0.015005793,0.899999976,0.899999976
56,Lydia,PERSON,0.395801842,0,0.5
56,Jane,PERSON,0.389113843,0.200000003,1.5
56,Charles,PERSON,0.626124382,0,0.100000001
56,Elizabeth,PERSON,0.456827849,0.100000001,0.600000024
56,Jane,PERSON,0.079327598,0.100000001,0.400000006
56,Charles,PERSON,0.006055286,0.200000003,0.200000003
56,Elizabeth,PERSON,1,0,0
56,Elizabeth,PERSON,0.425456196,-0.200000003,0.600000024
56,Caroline,PERSON,0.00957432,0,0
56,Elizabeth,PERSON,0.374390334,0,0
56,Elizabeth,PERSON,0.123856515,0.200000003,0.800000012
56,Jane,PERSON,0.093969174,0.100000001,0.300000012
56,Jane,PERSON,0.040590525,-0.200000003,0.200000003
56,Elizabeth,PERSON,0.027260996,0.5,0.5
56,Lydia,PERSON,0.067951247,0,0
57,Jane,PERSON,0.057205535,0,0
57,Charles,PERSON,0.039042182,0,0
57,Elizabeth,PERSON,0.046637572,-0.300000012,0.300000012
57,Elizabeth,PERSON,0.381096631,0,0
57,Elizabeth,PERSON,0.011467268,0,0
57,Elizabeth,PERSON,1,0.100000001,0.300000012
57,Elizabeth,PERSON,0.627345026,-0.100000001,0.5
57,Charlotte,LOCATION,0.030350747,0,0
57,Elizabeth,PERSON,0.019620553,-0.100000001,0.100000001
57,Elizabeth,PERSON,0.570632458,0.200000003,0.800000012
57,Elizabeth,PERSON,0.356651723,0,0.200000003
57,Elizabeth,PERSON,0.843438983,0.100000001,0.100000001
57,Elizabeth,PERSON,0.024673916,0,0.100000001
57,Fitzwilliam,LOCATION,0.002156576,0,0
57,Elizabeth,PERSON,0.569845974,-0.200000003,0.400000006
57,Elizabeth,PERSON,0.650684536,0,0
57,Fitzwilliam,LOCATION,0.018320262,0.300000012,0.300000012
57,Fitzwilliam,LOCATION,0.003708181,0,0
57,Elizabeth,PERSON,0.062958576,0,0
57,Fitzwilliam,LOCATION,0.020819698,0,0
57,Elizabeth,PERSON,0.502797484,0,0
57,Elizabeth,PERSON,0.387295663,0,0.100000001
57,Fitzwilliam,LOCATION,0.034637909,0,0
57,Elizabeth,PERSON,0.043549377,-0.200000003,0.200000003
57,Fitzwilliam,LOCATION,0.014385336,-0.200000003,0.200000003
57,Elizabeth,PERSON,0.013453894,-0.100000001,0.100000001
57,Elizabeth,PERSON,0.714454293,-0.100000001,1.200000048
57,Elizabeth,PERSON,0.069625698,-0.100000001,0.400000006
57,Elizabeth,PERSON,0.600356162,-0.300000012,0.300000012
58,Elizabeth,PERSON,0.361542284,0,0.5
58,Charles,PERSON,0.005192249,0,0
58,Fitzwilliam,LOCATION,0.005172704,-0.100000001,0.100000001
58,Jane,PERSON,0.004764189,0,0
58,Elizabeth,PERSON,0.023863209,0,0.100000001
58,Charles,PERSON,0.016465189,0.100000001,0.100000001
58,Elizabeth,PERSON,0.024757698,0.200000003,0.200000003
58,Elizabeth,PERSON,0.921304464,0,0
58,Elizabeth,PERSON,0.379706413,0,0
58,Elizabeth,PERSON,0.138590798,0,0
58,Elizabeth,PERSON,0.502299547,0,0
58,Elizabeth,PERSON,0.194289654,0,0
58,Fitzwilliam,LOCATION,0.081264444,0.200000003,0.400000006
58,Elizabeth,PERSON,0.04100344,0.200000003,0.200000003
58,Elizabeth,PERSON,0.545284212,0,0.100000001
58,Lydia,PERSON,0.009499679,0,0
58,Charlotte,LOCATION,0.001387629,0,0
58,Elizabeth,PERSON,0.001351924,0,0
58,Elizabeth,PERSON,1,-0.200000003,0.5
58,Elizabeth,PERSON,0.096119314,0,0.200000003
58,Elizabeth,PERSON,0.30927965,-0.200000003,1.399999976
58,Fitzwilliam,LOCATION,0.002702178,-0.300000012,0.300000012
59,Charles,PERSON,0.132637605,0,0.200000003
59,Fitzwilliam,LOCATION,0.04637542,0,0
59,Elizabeth,PERSON,0.044925202,0,0.200000003
59,Jane,PERSON,0.009891542,0,0.100000001
59,Elizabeth,PERSON,0.596030951,0,0.400000006
59,Fitzwilliam,LOCATION,0.184915841,-0.400000006,0.400000006
59,Fitzwilliam,LOCATION,0.18862614,-0.100000001,0.100000001
59,Lydia,PERSON,0.109545484,-0.100000001,0.100000001
59,Elizabeth,PERSON,0.652157605,0,1.100000024
59,Elizabeth,PERSON,0.516276121,0,0.800000012
59,Elizabeth,PERSON,0.017640762,0,0
59,Elizabeth,PERSON,0.897773325,0,0.699999988
59,Elizabeth,PERSON,0.130649358,-0.200000003,0.200000003
59,Fitzwilliam,LOCATION,0.33920607,0,0
59,Fitzwilliam,LOCATION,0.708893478,-0.200000003,0.400000006
59,Elizabeth,PERSON,0.005733886,0.5,0.5
59,Fitzwilliam,LOCATION,0.182586715,-0.100000001,0.100000001
59,Charles,PERSON,0.172171846,0.200000003,0.200000003
59,Jane,PERSON,0.172171846,0.200000003,0.200000003
59,Fitzwilliam,LOCATION,0.059146989,0.200000003,0.200000003
59,Elizabeth,PERSON,1,0,0
59,Elizabeth,PERSON,0.655878961,0.300000012,0.300000012
59,Charles,PERSON,0.536661029,0.100000001,1.5
59,Charles,PERSON,0.659426451,0.200000003,1.700000048
59,Elizabeth,PERSON,0.231098577,0.400000006,1.799999952
60,Elizabeth,PERSON,0.810695291,0,1
60,Jane,PERSON,0.015059941,0,0
60,Elizabeth,PERSON,0.362945884,-0.100000001,0.699999988
60,Fitzwilliam,LOCATION,0.020069182,-0.100000001,0.100000001
60,Jane,PERSON,0.008374586,-0.100000001,0.100000001
60,Jane,PERSON,0.118389182,0.200000003,0.200000003
60,Elizabeth,PERSON,0.747121155,0,0
60,Fitzwilliam,LOCATION,0.252878815,0,0
60,Jane,PERSON,0.807627797,0,0.100000001
60,Elizabeth,PERSON,0.032634493,0,0
60,Elizabeth,PERSON,0.161310643,0.5,1
60,Jane,PERSON,0.715488195,0,0.400000006
60,Elizabeth,PERSON,0.030977404,0.300000012,0.300000012
60,Jane,PERSON,0.016084004,0.300000012,0.300000012
60,Charles,PERSON,0.408680022,0.5,1.100000024
60,Elizabeth,PERSON,0.038263228,0.200000003,0.200000003
60,Charles,PERSON,1,0,0
60,Jane,PERSON,0.070493974,0.100000001,0.100000001
60,Charles,PERSON,0.105179459,0.300000012,0.699999988
60,Elizabeth,PERSON,0.10048914,0,0
60,Elizabeth,PERSON,0.657509446,-0.200000003,1.399999976
60,Charles,PERSON,0.104264885,-0.200000003,0.899999976
60,Lydia,PERSON,0.002213062,0,0
60,Fitzwilliam,LOCATION,0.049475439,-0.100000001,0.100000001
60,Charles,PERSON,0.038048405,0,0
60,Elizabeth,PERSON,0.023114607,0,0
60,Charles,PERSON,0.018426593,0,0
60,Elizabeth,PERSON,0.766845524,0.200000003,0.400000006
60,Charles,PERSON,0.513182819,0,0
60,Elizabeth,PERSON,0.141973659,0,0
60,Fitzwilliam,LOCATION,0.186672553,0.200000003,0.600000024
60,Elizabeth,PERSON,0.070802689,0,0
60,Charles,PERSON,0.227925777,0.200000003,0.400000006
60,Elizabeth,PERSON,0.042814851,0,0.100000001
60,Fitzwilliam,LOCATION,0.014442571,0.100000001,0.100000001
60,Elizabeth,PERSON,0.86197257,-0.100000001,0.300000012
60,Jane,PERSON,0.014318333,0,0
60,Elizabeth,PERSON,0.38896212,0.100000001,1.299999952
60,Fitzwilliam,LOCATION,0.004646074,0.200000003,0.200000003
60,Fitzwilliam,LOCATION,0.029129555,0,0
60,Fitzwilliam,PERSON,0.003372777,0,0
60,Elizabeth,PERSON,0.034846257,0,0
60,Fitzwilliam,LOCATION,0.025051761,0,0
60,Jane,PERSON,0.051731016,0.400000006,0.400000006
60,Elizabeth,PERSON,0.575115025,0,0.100000001
60,Elizabeth,PERSON,0.370500624,0,0.800000012
60,Elizabeth,PERSON,0.562489331,0,0
60,Fitzwilliam,LOCATION,0.023181001,0,0
60,Elizabeth,PERSON,0.027645847,0,0
60,Fitzwilliam,LOCATION,0.217555508,0,0
60,Lydia,PERSON,0.073177412,0,0
60,Fitzwilliam,LOCATION,0.077215679,0.100000001,0.100000001
60,Elizabeth,PERSON,0.474648774,0.200000003,0.600000024
60,Elizabeth,PERSON,0.311115116,0.699999988,3.099999905
60,Fitzwilliam,LOCATION,0.075894028,0.200000003,0.200000003
60,Jane,PERSON,0.023211552,0,0
60,Elizabeth,PERSON,0.132456124,0,0
60,Fitzwilliam,LOCATION,0.116349109,0.200000003,0.400000006
60,Elizabeth,PERSON,0.163095117,0,0.100000001
60,Elizabeth,PERSON,0.333279729,0.100000001,0.300000012
60,Jane,PERSON,0.04921294,0.5,0.5
61,Elizabeth,PERSON,0.624680579,0.300000012,1.5
61,Fitzwilliam,LOCATION,0.022915246,0.5,0.5
61,Jane,PERSON,0.428310871,-0.200000003,0.5
61,Lydia,PERSON,0.039791215,0.699999988,0.699999988
61,Charles,PERSON,0.012620209,0,0
61,Elizabeth,PERSON,0.239766434,0.100000001,0.100000001
61,Elizabeth,PERSON,0.449524641,-0.100000001,0.899999976
61,Fitzwilliam,LOCATION,0.042829264,-0.100000001,0.100000001
61,Jane,PERSON,0.010272622,0.699999988,1.399999976
61,Fitzwilliam,LOCATION,0.002001064,0.400000006,0.400000006
61,Fitzwilliam,LOCATION,0.18583186,0,0
61,Elizabeth,PERSON,0.188363567,0.100000001,0.200000003
61,Fitzwilliam,LOCATION,0.034340035,0,0
61,Caroline,PERSON,0.503853858,0.100000001,0.699999988
61,Jane,PERSON,0.099391021,0.100000001,0.699999988
61,Elizabeth,PERSON,0.02522975,0.100000001,0.200000003
61,Charlotte,LOCATION,0.003668632,0,0
61,Fitzwilliam,LOCATION,0.003395739,0.200000003,0.200000003
61,Elizabeth,PERSON,0.020255012,0,0
61,Charles,PERSON,0.008702494,0.100000001,0.100000001
62,Jane,PERSON,0.01369991,0.400000006,0.400000006
62,Elizabeth,PERSON,0.007154532,0.400000006,0.400000006
62,Charles,PERSON,0.56339103,0,0.800000012
62,Jane,PERSON,0.022853391,0.100000001,0.200000003
62,Elizabeth,PERSON,0.006519502,0.200000003,0.200000003
62,Lydia,PERSON,0.059022237,-0.100000001,1
62,Elizabeth,PERSON,0.138069227,0,0.5
62,Lydia,PERSON,0.134366482,0,0.400000006
62,Fitzwilliam,LOCATION,0.003790875,0,0
62,Elizabeth,PERSON,1,0.600000024,0.600000024
62,Fitzwilliam,LOCATION,0.505742073,0,1.100000024
62,Elizabeth,PERSON,0.060582172,0,0
62,Jane,PERSON,0.002823891,-0.100000001,0.100000001
62,Lydia,PERSON,0.186991841,0.100000001,0.400000006
62,Fitzwilliam,LOCATION,0.151228189,0,0
62,Elizabeth,PERSON,0.058575466,0.100000001,0.100000001
62,Charles,PERSON,0.005882901,0.200000003,0.200000003
62,Caroline,PERSON,0.607138574,-0.100000001,0.600000024
62,Fitzwilliam,LOCATION,0.084288262,-0.100000001,0.300000012
62,Elizabeth,PERSON,0.016125845,-0.100000001,0.100000001
62,Fitzwilliam,PERSON,0.044636611,0.100000001,0.100000001
62,Elizabeth,PERSON,0.009889786,0,0
62,Elizabeth,PERSON,0.114975519,0,0.300000012
62,Fitzwilliam,LOCATION,0.075545058,0.100000001,0.100000001
62,Elizabeth,PERSON,0.033096265,0.100000001,0.100000001
