2,1,124,truth,OTHER,0.429794579744339,0.0,0.0
2,1,124,man,PERSON,0.15952667593955994,0.0,0.0
2,1,124,possession,OTHER,0.13131944835186005,0.0,0.0
2,1,124,fortune,OTHER,0.12111234664916992,0.10000000149011612,0.10000000149011612
2,1,124,want,OTHER,0.09258276969194412,0.0,0.0
2,1,124,wife,PERSON,0.06566417217254639,0.0,0.0
2,2,301,feelings,OTHER,0.2351541370153427,0.0,0.0
2,2,301,views,OTHER,0.19627875089645386,0.0,0.0
2,2,301,man,PERSON,0.09915672987699509,0.0,0.0
2,2,301,man,PERSON,0.08331601321697235,0.0,0.0
2,2,301,truth,OTHER,0.06665122509002686,0.10000000149011612,0.10000000149011612
2,2,301,families,PERSON,0.058202993124723434,0.0,0.0
2,2,301,neighbourhood,LOCATION,0.055147189646959305,0.0,0.0
2,2,301,minds,OTHER,0.0513467937707901,0.0,0.0
2,2,301,property,OTHER,0.03899317979812622,0.0,0.0
2,2,301,families,PERSON,0.031220771372318268,0.0,0.0
2,2,301,man,PERSON,0.029561711475253105,0.0,0.0
2,2,301,other,OTHER,0.02748524770140648,0.0,0.0
2,2,301,daughters,PERSON,0.02748524770140648,0.0,0.0
2,3,145,Mother,PERSON,0.3210339844226837,0.0,0.0
2,3,145,Father,PERSON,0.28782737255096436,0.0,0.0
2,3,145,Mother,PERSON,0.14501643180847168,0.0,0.0
2,3,145,Mother,PERSON,0.10170641541481018,0.0,0.0
2,3,145,Father,PERSON,0.09523814916610718,0.0,0.0
2,3,145,Netherfield Park,LOCATION,0.03325710445642471,0.0,0.0
2,3,145,Mother dear Father,PERSON,0.015920553356409073,0.0,0.0
2,4,64,Mother,PERSON,0.5139836668968201,0.0,0.0
2,4,64,Father,PERSON,0.2458464503288269,0.0,0.0
2,4,64,Mother,PERSON,0.17687450349330902,-0.10000000149011612,0.10000000149011612
2,4,64,Father,PERSON,0.063295379281044,-0.10000000149011612,0.10000000149011612
2,5,145,Long,PERSON,0.5358973741531372,0.0,0.10000000149011612
2,5,145,But Netherfield Park,LOCATION,0.3496650159358978,0.0,0.0
2,5,145,Mother,PERSON,0.11443760991096497,0.0,0.0
2,6,39,Mother,PERSON,0.6815314292907715,-0.5,0.5
2,6,39,Father,PERSON,0.2383394092321396,-0.5,0.5
2,6,39,answer,OTHER,0.08012917637825012,-0.30000001192092896,0.30000001192092896
2,7,106,Mother,PERSON,0.39361390471458435,0.0,0.0
2,7,106,Father,PERSON,0.35149627923965454,0.0,0.0
2,7,106,Mother,PERSON,0.20002935826778412,0.0,0.0
2,7,106,Netherfield Park,LOCATION,0.054860468953847885,0.0,0.0
2,8,93,Mother,PERSON,0.41812315583229065,0.20000000298023224,0.20000000298023224
2,8,93,objection,OTHER,0.2413816601037979,0.10000000149011612,0.30000001192092896
2,8,93,Father,PERSON,0.15695519745349884,0.30000001192092896,0.30000001192092896
2,8,93,Mother,PERSON,0.12138345092535019,0.20000000298023224,0.20000000298023224
2,8,93,Mother,PERSON,0.06215653568506241,0.20000000298023224,0.20000000298023224
2,9,32,invitation,OTHER,1.0,0.10000000149011612,0.20000000298023224
2,10,646,England,LOCATION,0.2107679545879364,0.0,0.10000000149011612
2,10,646,Long,PERSON,0.1464596390724182,0.0,0.0
2,10,646,Mother,PERSON,0.13875870406627655,0.0,0.0
2,10,646,Netherfield Park,LOCATION,0.044000428169965744,0.0,0.0
2,10,646,fortune,OTHER,0.03833909332752228,0.0,0.0
2,10,646,north,LOCATION,0.03833909332752228,0.0,0.0
2,10,646,man,PERSON,0.03833909332752228,0.0,0.0
2,10,646,Morris,PERSON,0.037981826812028885,0.0,0.0
2,10,646,man,PERSON,0.030139977112412453,0.0,0.0
2,10,646,fortune,OTHER,0.026072286069393158,0.0,0.0
2,10,646,north,LOCATION,0.026072286069393158,0.0,0.0
2,10,646,man,PERSON,0.024245621636509895,0.0,0.0
2,10,646,fortune,OTHER,0.024245621636509895,0.0,0.0
2,10,646,north,LOCATION,0.024245621636509895,0.0,0.0
2,10,646,chaise,OTHER,0.018436364829540253,0.0,0.0
2,10,646,north,LOCATION,0.01833883486688137,0.0,0.0
2,10,646,fortune,OTHER,0.01833883486688137,0.0,0.0
2,10,646,man,PERSON,0.01833883486688137,0.0,0.0
2,10,646,some,OTHER,0.0126350661739707,0.0,0.0
2,10,646,man,PERSON,0.009722400456666946,0.0,0.0
2,10,646,house,LOCATION,0.009082380682229996,0.0,0.0
2,10,646,servants,PERSON,0.009082380682229996,0.0,0.0
2,10,646,north,LOCATION,0.008091256022453308,0.0,0.0
2,10,646,fortune,OTHER,0.008091256022453308,0.0,0.0
2,10,646,Michaelmas,EVENT,0.0076759569346904755,0.0,0.0
2,10,646,possession,OTHER,0.006524129770696163,0.0,0.0
2,11,77,man,PERSON,0.3356994092464447,0.0,0.0
2,11,77,fortune,OTHER,0.270804762840271,0.0,0.0
2,11,77,name,OTHER,0.19149480760097504,0.0,0.0
2,11,77,England,LOCATION,0.11557972431182861,0.0,0.0
2,11,77,north,LOCATION,0.08642130345106125,0.0,0.0
2,12,65,man,PERSON,0.3841443359851837,0.0,0.0
2,12,65,fortune,OTHER,0.2727174758911133,0.0,0.0
2,12,65,name,OTHER,0.1379910260438919,0.10000000149011612,0.10000000149011612
2,12,65,England,LOCATION,0.11730605363845825,0.10000000149011612,0.10000000149011612
2,12,65,north,LOCATION,0.08784111589193344,0.10000000149011612,0.10000000149011612
2,13,85,man,PERSON,0.3691268861293793,0.0,0.0
2,13,85,fortune,OTHER,0.22321060299873352,0.0,0.0
2,13,85,north,LOCATION,0.20623818039894104,0.0,0.0
2,13,85,single,OTHER,0.15846751630306244,0.0,0.0
2,13,85,England,LOCATION,0.04295682534575462,0.0,0.0
2,14,149,single,OTHER,0.31683576107025146,0.5,0.5
2,14,149,dear,OTHER,0.1251179277896881,0.5,0.5
2,14,149,Father,PERSON,0.1251179277896881,0.699999988079071,0.699999988079071
2,14,149,Mother,PERSON,0.1251179277896881,0.6000000238418579,0.6000000238418579
2,14,149,man,PERSON,0.08573032170534134,0.4000000059604645,0.4000000059604645
2,14,149,fortune,OTHER,0.07876966893672943,0.5,0.5
2,14,149,thing,OTHER,0.05958866700530052,0.5,0.5
2,14,149,girls,PERSON,0.041852764785289764,0.4000000059604645,0.4000000059604645
2,14,149,north,LOCATION,0.026298005133867264,0.6000000238418579,0.6000000238418579
2,14,149,England,LOCATION,0.01557101123034954,0.5,0.5
2,15,46,girls,PERSON,1.0,0.0,0.0
2,16,232,Mother,PERSON,0.4097389280796051,-0.10000000149011612,0.4000000059604645
2,16,232,Father,PERSON,0.3269732892513275,-0.10000000149011612,0.5
2,16,232,Father,PERSON,0.08166278153657913,-0.30000001192092896,0.30000001192092896
2,16,232,Mother,PERSON,0.06670339405536652,-0.4000000059604645,0.4000000059604645
2,16,232,Mother,PERSON,0.03762498497962952,0.0,0.0
2,16,232,one,OTHER,0.018504714593291283,0.0,0.0
2,16,232,north,LOCATION,0.018504714593291283,0.0,0.0
2,16,232,girls,PERSON,0.012989812530577183,0.0,0.0
2,16,232,England,LOCATION,0.010981113649904728,0.0,0.0
2,16,232,fortune,OTHER,0.008158140815794468,0.0,0.0
2,16,232,man,PERSON,0.008158140815794468,0.0,0.0
2,17,96,man,PERSON,0.4222881495952606,0.0,0.0
2,17,96,fortune,OTHER,0.23794034123420715,0.0,0.0
2,17,96,north,LOCATION,0.21944589912891388,0.0,0.0
2,17,96,design,OTHER,0.0754079669713974,0.0,0.0
2,17,96,England,LOCATION,0.04491765797138214,0.0,0.0
2,18,360,Father,PERSON,0.30799609422683716,0.0,0.30000001192092896
2,18,360,Design,OTHER,0.17624564468860626,0.10000000149011612,0.10000000149011612
2,18,360,Mother,PERSON,0.16123412549495697,0.0,0.30000001192092896
2,18,360,nonsense,OTHER,0.08781643956899643,-0.4000000059604645,0.4000000059604645
2,18,360,man,PERSON,0.030663492158055305,0.0,0.0
2,18,360,fortune,OTHER,0.028504665940999985,0.0,0.0
2,18,360,north,LOCATION,0.028504665940999985,0.0,0.0
2,18,360,England,LOCATION,0.028175774961709976,0.10000000149011612,0.30000001192092896
2,18,360,man,PERSON,0.026175273582339287,0.0,0.0
2,18,360,one,OTHER,0.023164547979831696,0.0,0.0
2,18,360,love,OTHER,0.023164547979831696,0.0,0.0
2,18,360,girls,PERSON,0.021267667412757874,0.0,0.0
2,18,360,north,LOCATION,0.014036391861736774,0.0,0.0
2,18,360,fortune,OTHER,0.014036391861736774,0.0,0.0
2,18,360,man,PERSON,0.011396917514503002,0.0,0.0
2,18,360,fortune,OTHER,0.0088086798787117,0.0,0.0
2,18,360,north,LOCATION,0.0088086798787117,0.0,0.0
2,19,314,Mother,PERSON,0.6305872797966003,0.20000000298023224,1.399999976158142
2,19,314,occasion,OTHER,0.10255166888237,0.30000001192092896,0.30000001192092896
2,19,314,visit,EVENT,0.09685402363538742,0.20000000298023224,0.20000000298023224
2,19,314,Father,PERSON,0.05600515380501747,0.30000001192092896,0.30000001192092896
2,19,314,girls,PERSON,0.024842990562319756,0.20000000298023224,0.20000000298023224
2,19,314,girls,PERSON,0.016848336905241013,0.20000000298023224,0.20000000298023224
2,19,314,girls,PERSON,0.016848336905241013,0.20000000298023224,0.20000000298023224
2,19,314,any,OTHER,0.011712144128978252,0.0,0.0
2,19,314,north,LOCATION,0.008840972557663918,0.20000000298023224,0.20000000298023224
2,19,314,fortune,OTHER,0.008840972557663918,0.20000000298023224,0.20000000298023224
2,19,314,best,OTHER,0.006835787557065487,0.10000000149011612,0.10000000149011612
2,19,314,party,ORGANIZATION,0.006197152193635702,0.20000000298023224,0.20000000298023224
2,19,314,England,LOCATION,0.005236088763922453,0.30000001192092896,0.30000001192092896
2,19,314,girls,PERSON,0.005207915790379047,0.20000000298023224,0.20000000298023224
2,19,314,man,PERSON,0.0025911841075867414,0.20000000298023224,0.20000000298023224
2,20,329,Mother,PERSON,0.40304720401763916,0.20000000298023224,1.100000023841858
2,20,329,Father,PERSON,0.34604981541633606,0.4000000059604645,1.2999999523162842
2,20,329,Mother,PERSON,0.10025356709957123,0.30000001192092896,0.30000001192092896
2,20,329,Mother,PERSON,0.040790703147649765,0.30000001192092896,0.30000001192092896
2,20,329,Father,PERSON,0.02179904840886593,0.30000001192092896,0.30000001192092896
2,20,329,Father,PERSON,0.0137787451967597,0.20000000298023224,0.20000000298023224
2,20,329,Father,PERSON,0.013612681068480015,0.30000001192092896,0.30000001192092896
2,20,329,beauty,OTHER,0.01054349634796381,0.10000000149011612,0.10000000149011612
2,20,329,anything,OTHER,0.01047416590154171,0.10000000149011612,0.10000000149011612
2,20,329,share,OTHER,0.009160763584077358,0.20000000298023224,0.20000000298023224
2,20,329,woman,PERSON,0.007973108440637589,0.0,0.0
2,20,329,woman,PERSON,0.00559340650215745,0.0,0.0
2,20,329,beauty,OTHER,0.005103949923068285,0.0,0.0
2,20,329,thinking,OTHER,0.004887260030955076,0.0,0.0
2,20,329,woman,PERSON,0.004117847420275211,0.0,0.0
2,20,329,daughters,PERSON,0.002814248902723193,0.0,0.0
2,21,71,cases,OTHER,0.5111551284790039,0.0,0.0
2,21,71,woman,PERSON,0.36584770679473877,0.0,0.0
2,21,71,beauty,OTHER,0.12299717962741852,0.10000000149011612,0.10000000149011612
2,22,227,Father,PERSON,0.4502257704734802,0.10000000149011612,0.20000000298023224
2,22,227,Mother,PERSON,0.16065648198127747,0.0,0.0
2,22,227,Mother,PERSON,0.06609651446342468,0.10000000149011612,0.10000000149011612
2,22,227,dear,OTHER,0.05843063443899155,0.0,0.0
2,22,227,man,PERSON,0.04870201647281647,0.0,0.0
2,22,227,fortune,OTHER,0.04590178653597832,0.0,0.0
2,22,227,England,LOCATION,0.04282493516802788,0.0,0.10000000149011612
2,22,227,north,LOCATION,0.04224023595452309,0.0,0.0
2,22,227,north,LOCATION,0.032091401517391205,0.10000000149011612,0.10000000149011612
2,22,227,neighbourhood,LOCATION,0.019918370991945267,0.0,0.0
2,22,227,man,PERSON,0.01864294335246086,0.0,0.0
2,22,227,fortune,OTHER,0.01426891703158617,0.0,0.0
2,23,90,Mother,PERSON,0.2576011121273041,0.20000000298023224,0.20000000298023224
2,23,90,Mother,PERSON,0.24077977240085602,0.30000001192092896,0.30000001192092896
2,23,90,Father,PERSON,0.23947881162166595,0.30000001192092896,0.30000001192092896
2,23,90,Mother,PERSON,0.18518655002117157,0.20000000298023224,0.20000000298023224
2,23,90,Father,PERSON,0.07695376127958298,0.30000001192092896,0.30000001192092896
2,24,436,Father,PERSON,0.3650905191898346,0.0,0.30000001192092896
2,24,436,Mother,PERSON,0.3437268137931824,0.0,0.20000000298023224
2,24,436,Sir William,PERSON,0.11388701945543289,0.0,0.0
2,24,436,daughters,PERSON,0.06813541054725647,0.10000000149011612,0.10000000149011612
2,24,436,one,OTHER,0.012956093065440655,0.0,0.0
2,24,436,girls,PERSON,0.012956093065440655,0.0,0.0
2,24,436,establishment,OTHER,0.012956093065440655,0.0,0.0
2,24,436,newcomers,PERSON,0.010478107258677483,0.0,0.0
2,24,436,Lady,PERSON,0.009922951459884644,0.0,0.0
2,24,436,Lucas,PERSON,0.009239149279892445,0.0,0.0
2,24,436,Lady,PERSON,0.00922153890132904,0.0,0.0
2,24,436,account,OTHER,0.008830788545310497,0.0,0.0
2,24,436,man,PERSON,0.007882524281740189,0.0,0.0
2,24,436,fortune,OTHER,0.006095155142247677,0.0,0.0
2,24,436,north,LOCATION,0.006095155142247677,0.0,0.0
2,24,436,England,LOCATION,0.002526596887037158,0.0,0.0
2,25,604,Father,PERSON,0.4168094992637634,0.0,0.30000001192092896
2,25,604,Mother,PERSON,0.413858562707901,0.0,0.4000000059604645
2,25,604,England,LOCATION,0.019754180684685707,0.0,0.10000000149011612
2,25,604,man,PERSON,0.016100991517305374,0.0,0.0
2,25,604,fortune,OTHER,0.013090687803924084,0.0,0.0
2,25,604,north,LOCATION,0.013090687803924084,0.0,0.0
2,25,604,Father,PERSON,0.00992061197757721,0.0,0.0
2,25,604,dare,OTHER,0.009207085706293583,0.0,0.0
2,25,604,fortune,OTHER,0.0089652668684721,0.0,0.0
2,25,604,man,PERSON,0.0089652668684721,0.0,0.0
2,25,604,man,PERSON,0.008229471743106842,0.0,0.0
2,25,604,north,LOCATION,0.008229471743106842,0.0,0.0
2,25,604,Mother dear Father,PERSON,0.006727744359523058,0.0,0.0
2,25,604,lines,OTHER,0.006697379052639008,0.0,0.0
2,25,604,north,LOCATION,0.006209159269928932,0.0,0.0
2,25,604,consent,OTHER,0.006146794650703669,0.0,0.0
2,25,604,Father,PERSON,0.005247864872217178,0.0,0.0
2,25,604,girls,PERSON,0.0046358718536794186,0.0,0.0
2,25,604,word,OTHER,0.0032469311263412237,0.0,0.0
2,25,604,fortune,OTHER,0.0027278081979602575,0.0,0.0
2,25,604,north,LOCATION,0.0027278081979602575,0.0,0.0
2,25,604,man,PERSON,0.0027278081979602575,0.0,0.0
2,25,604,fortune,OTHER,0.0027278081979602575,0.0,0.0
2,25,604,marrying,EVENT,0.0020351933781057596,0.0,0.0
2,25,604,Elizabeth,PERSON,0.0019200177630409598,0.0,0.0
2,26,384,Father,PERSON,0.18018838763237,0.0,0.0
2,26,384,Mother,PERSON,0.18018838763237,0.0,0.0
2,26,384,Mother,PERSON,0.1378255933523178,0.30000001192092896,0.8999999761581421
2,26,384,desire,OTHER,0.12050335109233856,0.0,0.0
2,26,384,Mother dear Father,PERSON,0.08448751270771027,0.20000000298023224,0.4000000059604645
2,26,384,Elizabeth,PERSON,0.060196924954652786,0.30000001192092896,0.8999999761581421
2,26,384,thing,OTHER,0.059929732233285904,0.0,0.0
2,26,384,Father,PERSON,0.03599584475159645,0.30000001192092896,0.30000001192092896
2,26,384,Mother,PERSON,0.03599584475159645,0.30000001192092896,0.30000001192092896
2,26,384,Father,PERSON,0.024749023839831352,0.30000001192092896,0.30000001192092896
2,26,384,Father,PERSON,0.01710112951695919,0.30000001192092896,0.30000001192092896
2,26,384,others,PERSON,0.01577179506421089,0.20000000298023224,0.20000000298023224
2,26,384,bit,OTHER,0.01577179506421089,0.20000000298023224,0.20000000298023224
2,26,384,Father,PERSON,0.012003160081803799,0.30000001192092896,0.30000001192092896
2,26,384,Jane,PERSON,0.008691851049661636,0.20000000298023224,0.20000000298023224
2,26,384,preference,OTHER,0.007720685098320246,0.20000000298023224,0.20000000298023224
2,26,384,Lydia,PERSON,0.0028790005017071962,0.30000001192092896,0.30000001192092896
2,27,286,others,PERSON,0.2064790427684784,0.10000000149011612,0.10000000149011612
2,27,286,none,OTHER,0.16250354051589966,0.10000000149011612,0.10000000149011612
2,27,286,Elizabeth,PERSON,0.14565250277519226,0.10000000149011612,0.20000000298023224
2,27,286,others,PERSON,0.08748548477888107,0.10000000149011612,0.10000000149011612
2,27,286,others,PERSON,0.07781471312046051,0.10000000149011612,0.10000000149011612
2,27,286,others,PERSON,0.05929229035973549,0.10000000149011612,0.10000000149011612
2,27,286,girls,PERSON,0.04201411083340645,0.10000000149011612,0.10000000149011612
2,27,286,Mother,PERSON,0.03957386314868927,0.10000000149011612,0.10000000149011612
2,27,286,Mother dear Father,PERSON,0.033536091446876526,0.10000000149011612,0.10000000149011612
2,27,286,quickness,OTHER,0.03184445574879646,0.10000000149011612,0.10000000149011612
2,27,286,more,OTHER,0.03184445574879646,0.10000000149011612,0.10000000149011612
2,27,286,Father,PERSON,0.027883289381861687,0.10000000149011612,0.10000000149011612
2,27,286,sisters,PERSON,0.02240612916648388,0.10000000149011612,0.10000000149011612
2,27,286,Father,PERSON,0.01756921410560608,0.10000000149011612,0.10000000149011612
2,27,286,something,OTHER,0.014100815169513226,0.10000000149011612,0.10000000149011612
2,28,246,Mother,PERSON,0.4922436475753784,-0.10000000149011612,2.5
2,28,246,Father,PERSON,0.17003923654556274,-0.20000000298023224,1.600000023841858
2,28,246,Father,PERSON,0.11965104937553406,-0.20000000298023224,0.20000000298023224
2,28,246,Mother,PERSON,0.049208078533411026,-0.20000000298023224,0.20000000298023224
2,28,246,Father,PERSON,0.0337677039206028,-0.10000000149011612,0.10000000149011612
2,28,246,abuse,OTHER,0.03218448907136917,-0.20000000298023224,0.20000000298023224
2,28,246,Father,PERSON,0.029719926416873932,-0.10000000149011612,0.10000000149011612
2,28,246,way,OTHER,0.02221616916358471,-0.20000000298023224,0.20000000298023224
2,28,246,children,PERSON,0.021950693801045418,-0.20000000298023224,0.20000000298023224
2,28,246,delight,OTHER,0.011323501355946064,0.30000001192092896,0.30000001192092896
2,28,246,compassion,OTHER,0.007353118155151606,-0.6000000238418579,0.6000000238418579
2,28,246,nerves,OTHER,0.005220319144427776,-0.699999988079071,0.699999988079071
2,28,246,Father,PERSON,0.005122088827192783,0.5,0.5
2,29,357,Father,PERSON,0.4051888883113861,0.20000000298023224,1.600000023841858
2,29,357,Mother,PERSON,0.3131102919578552,0.10000000149011612,0.800000011920929
2,29,357,Mother,PERSON,0.07914594560861588,0.0,0.0
2,29,357,Mother dear Father,PERSON,0.048801906406879425,0.0,0.0
2,29,357,mistake,OTHER,0.04791604354977608,0.0,0.0
2,29,357,Father,PERSON,0.03194887563586235,0.10000000149011612,0.10000000149011612
2,29,357,Mother,PERSON,0.010700742714107037,0.20000000298023224,0.20000000298023224
2,29,357,Mother,PERSON,0.00982797984033823,0.10000000149011612,0.800000011920929
2,29,357,nerves,OTHER,0.00780776422470808,0.4000000059604645,0.4000000059604645
2,29,357,nerves,OTHER,0.0075820498168468475,0.10000000149011612,0.10000000149011612
2,29,357,Mother,PERSON,0.00740056810900569,0.0,0.0
2,29,357,friends,PERSON,0.007219008635729551,0.10000000149011612,0.10000000149011612
2,29,357,respect,OTHER,0.006114746443927288,0.5,0.5
2,29,357,nerves,OTHER,0.0053667910397052765,0.0,0.0
2,29,357,mention,OTHER,0.004304332192987204,0.0,0.0
2,29,357,consideration,OTHER,0.004304332192987204,0.0,0.0
2,29,357,Mother,PERSON,0.0032597528770565987,0.0,0.0
2,30,76,Mother,PERSON,0.4199609160423279,-0.10000000149011612,0.10000000149011612
2,30,76,Mother,PERSON,0.2770520746707916,-0.20000000298023224,0.20000000298023224
2,30,76,Father,PERSON,0.16740915179252625,-0.20000000298023224,0.20000000298023224
2,30,76,Father,PERSON,0.13557787239551544,-0.10000000149011612,0.10000000149011612
2,31,158,Mother dear Father,PERSON,0.29822131991386414,0.10000000149011612,0.10000000149011612
2,31,158,Father,PERSON,0.28254464268684387,0.10000000149011612,0.10000000149011612
2,31,158,Mother,PERSON,0.2033586949110031,0.10000000149011612,0.10000000149011612
2,31,158,men,PERSON,0.1515943706035614,0.10000000149011612,0.10000000149011612
2,31,158,neighbourhood,LOCATION,0.06428095698356628,0.10000000149011612,0.10000000149011612
2,32,116,use,OTHER,0.8391374945640564,-0.10000000149011612,0.30000001192092896
2,32,116,Mother,PERSON,0.10736536979675293,-0.10000000149011612,0.10000000149011612
2,32,116,Father,PERSON,0.05349715054035187,-0.20000000298023224,0.20000000298023224
2,33,118,Mother,PERSON,0.34932026267051697,0.10000000149011612,0.10000000149011612
2,33,118,Father,PERSON,0.24366669356822968,0.10000000149011612,0.10000000149011612
2,33,118,dear,OTHER,0.21587416529655457,0.10000000149011612,0.10000000149011612
2,33,118,Father,PERSON,0.1125551238656044,0.10000000149011612,0.10000000149011612
2,33,118,Mother,PERSON,0.07858377695083618,0.10000000149011612,0.10000000149011612
2,34,561,Mother,PERSON,0.32383325695991516,-0.10000000149011612,0.699999988079071
2,34,561,Mother,PERSON,0.11116860061883926,-0.10000000149011612,0.10000000149011612
2,34,561,Father,PERSON,0.09240689873695374,-0.10000000149011612,0.10000000149011612
2,34,561,mixture,OTHER,0.07252223044633865,-0.10000000149011612,0.10000000149011612
2,34,561,parts,OTHER,0.0668444037437439,-0.10000000149011612,0.10000000149011612
2,34,561,character,PERSON,0.059028275310993195,-0.10000000149011612,0.20000000298023224
2,34,561,experience,OTHER,0.04070574417710304,-0.10000000149011612,0.10000000149011612
2,34,561,Mother,PERSON,0.030289119109511375,-0.10000000149011612,0.10000000149011612
2,34,561,Mother,PERSON,0.026676226407289505,0.10000000149011612,0.699999988079071
2,34,561,caprice,OTHER,0.02611035853624344,-0.10000000149011612,0.10000000149011612
2,34,561,reserve,OTHER,0.02611035853624344,-0.10000000149011612,0.10000000149011612
2,34,561,humour,OTHER,0.02611035853624344,-0.10000000149011612,0.10000000149011612
2,34,561,Father,PERSON,0.0220516175031662,-0.10000000149011612,0.10000000149011612
2,34,561,wife,PERSON,0.012450805865228176,-0.10000000149011612,0.10000000149011612
2,34,561,Mother mind,OTHER,0.00978944730013609,0.30000001192092896,0.30000001192092896
2,34,561,information,OTHER,0.007912017405033112,-0.20000000298023224,0.20000000298023224
2,34,561,understanding,OTHER,0.007912017405033112,-0.10000000149011612,0.10000000149011612
2,34,561,business,OTHER,0.00762960547581315,0.20000000298023224,0.20000000298023224
2,34,561,business,OTHER,0.006833249237388372,0.20000000298023224,0.20000000298023224
2,34,561,life,OTHER,0.006750035099685192,0.20000000298023224,0.20000000298023224
2,34,561,girls,PERSON,0.00593183096498251,0.30000001192092896,0.30000001192092896
2,34,561,life solace,OTHER,0.0041557964868843555,0.20000000298023224,0.20000000298023224
2,34,561,news,OTHER,0.0041557964868843555,0.30000001192092896,0.30000001192092896
2,34,561,temper,OTHER,0.002621936146169901,-0.30000001192092896,0.30000001192092896
3,1,442,Father,PERSON,0.33891481161117554,0.10000000149011612,0.10000000149011612
3,1,442,earliest,PERSON,0.19630108773708344,0.0,0.0
3,1,442,Charles,PERSON,0.07650327682495117,0.0,0.20000000298023224
3,1,442,Father,PERSON,0.06069114804267883,0.0,0.0
3,1,442,Father,PERSON,0.04023435711860657,0.0,0.0
3,1,442,visit,EVENT,0.02965734340250492,0.0,0.0
3,1,442,wife,PERSON,0.0291274543851614,-0.10000000149011612,0.10000000149011612
3,1,442,wife,PERSON,0.027073170989751816,-0.10000000149011612,0.10000000149011612
3,1,442,Father,PERSON,0.024503888562321663,0.0,0.0
3,1,442,knowledge,OTHER,0.023805325850844383,0.0,0.0
3,1,442,Father,PERSON,0.022772906348109245,-0.10000000149011612,0.10000000149011612
3,1,442,daughter,PERSON,0.0202719047665596,0.0,0.0
3,1,442,Father,PERSON,0.020164115354418755,0.0,0.0
3,1,442,hat,OTHER,0.017819516360759735,0.0,0.0
3,1,442,Father,PERSON,0.0170450396835804,0.0,0.0
3,1,442,daughter,PERSON,0.01421466562896967,0.0,0.0
3,1,442,Father,PERSON,0.01194767840206623,0.0,0.0
3,1,442,visit,EVENT,0.011228769086301327,0.0,0.0
3,1,442,visit,EVENT,0.00985998660326004,0.0,0.0
3,1,442,manner,OTHER,0.007863558828830719,0.0,0.0
3,2,70,Father,PERSON,0.5520952343940735,0.20000000298023224,0.20000000298023224
3,2,70,hat,OTHER,0.17704109847545624,0.10000000149011612,0.10000000149011612
3,2,70,daughter,PERSON,0.11491049826145172,0.10000000149011612,0.10000000149011612
3,2,70,Charles,PERSON,0.09681766480207443,0.20000000298023224,0.20000000298023224
3,2,70,Father,PERSON,0.059135474264621735,0.10000000149011612,0.10000000149011612
3,3,137,way,OTHER,0.3385894298553467,0.0,0.0
3,3,137,daughter,PERSON,0.21864193677902222,0.0,0.0
3,3,137,mother,PERSON,0.20382441580295563,0.0,0.0
3,3,137,Father,PERSON,0.14345493912696838,0.0,0.0
3,3,137,Charles,PERSON,0.09548927843570709,0.0,0.0
3,4,182,wife,PERSON,0.29101133346557617,0.0,0.0
3,4,182,Father,PERSON,0.19901596009731293,0.0,0.0
3,4,182,wife,PERSON,0.12129846215248108,0.0,0.0
3,4,182,Long,PERSON,0.08274152874946594,0.0,0.0
3,4,182,Father,PERSON,0.08033773303031921,0.0,0.0
3,4,182,Charles,PERSON,0.07884588092565536,0.0,0.0
3,4,182,daughter,PERSON,0.06863946467638016,0.0,0.0
3,4,182,Father,PERSON,0.05490751564502716,0.0,0.0
3,4,182,assemblies,OTHER,0.023202113807201385,0.0,0.0
3,5,196,Long,PERSON,0.8443621397018433,-0.30000001192092896,3.700000047683716
3,5,196,Father,PERSON,0.07646535336971283,0.0,0.0
3,5,196,thing,OTHER,0.03737940266728401,0.0,0.0
3,5,196,nieces,PERSON,0.020627321675419807,0.0,0.0
3,5,196,Father,PERSON,0.011133154854178429,-0.699999988079071,0.699999988079071
3,5,196,opinion,OTHER,0.010032610967755318,-0.699999988079071,0.699999988079071
3,6,162,Father,PERSON,0.30369892716407776,0.0,0.0
3,6,162,more,OTHER,0.22429296374320984,0.10000000149011612,0.10000000149011612
3,6,162,Father,PERSON,0.12627705931663513,0.0,0.0
3,6,162,Father,PERSON,0.09408982843160629,0.0,0.0
3,6,162,daughter,PERSON,0.07126541435718536,0.0,0.0
3,6,162,Father,PERSON,0.053301338106393814,0.0,0.0
3,6,162,Mrs.,PERSON,0.04800551012158394,0.0,0.0
3,6,162,Father,PERSON,0.040546998381614685,0.0,0.0
3,6,162,daughter,PERSON,0.03852194920182228,0.0,0.0
3,7,131,Father wife,PERSON,0.47170138359069824,-0.30000001192092896,0.30000001192092896
3,7,131,wife,PERSON,0.1378299444913864,-0.30000001192092896,0.30000001192092896
3,7,131,reply,OTHER,0.09628157317638397,-0.20000000298023224,0.20000000298023224
3,7,131,one,OTHER,0.08562743663787842,-0.20000000298023224,0.20000000298023224
3,7,131,Father,PERSON,0.08391682803630829,-0.30000001192092896,0.30000001192092896
3,7,131,Father,PERSON,0.06391172856092453,-0.30000001192092896,0.30000001192092896
3,7,131,wife daughters,PERSON,0.06073111668229103,-0.30000001192092896,0.30000001192092896
3,8,199,one,PERSON,0.2279922366142273,0.0,0.0
3,8,199,Father,PERSON,0.161692813038826,0.0,0.0
3,8,199,wife daughters,PERSON,0.15691792964935303,0.0,0.0
3,8,199,heaven 's sake,OTHER,0.14018583297729492,0.10000000149011612,0.10000000149011612
3,8,199,compassion,OTHER,0.06224736198782921,0.0,0.0
3,8,199,wife daughters,PERSON,0.05390951409935951,-0.20000000298023224,0.20000000298023224
3,8,199,Father,PERSON,0.05009128153324127,-0.10000000149011612,0.10000000149011612
3,8,199,wife nerves,OTHER,0.03788425773382187,-0.10000000149011612,0.10000000149011612
3,8,199,pieces,OTHER,0.033312875777482986,-0.10000000149011612,0.10000000149011612
3,8,199,Father,PERSON,0.02801620215177536,-0.20000000298023224,0.20000000298023224
3,8,199,wife nerves,OTHER,0.023934079334139824,-0.10000000149011612,0.10000000149011612
3,8,199,one,OTHER,0.023815616965293884,-0.10000000149011612,0.10000000149011612
3,9,202,one,OTHER,0.22121410071849823,0.0,0.0
3,9,202,Father,PERSON,0.13297322392463684,-0.10000000149011612,0.20000000298023224
3,9,202,wife daughters,PERSON,0.07949943840503693,-0.10000000149011612,0.10000000149011612
3,9,202,discretion,OTHER,0.06012441962957382,-0.10000000149011612,0.10000000149011612
3,9,202,Father,PERSON,0.05638781562447548,-0.10000000149011612,0.10000000149011612
3,9,202,father,PERSON,0.05638781562447548,-0.10000000149011612,0.10000000149011612
3,9,202,wife daughters,PERSON,0.05458192154765129,-0.10000000149011612,0.10000000149011612
3,9,202,one,OTHER,0.05458192154765129,-0.10000000149011612,0.10000000149011612
3,9,202,one,PERSON,0.05143798142671585,-0.10000000149011612,0.10000000149011612
3,9,202,wife daughters,PERSON,0.05083045735955238,-0.10000000149011612,0.10000000149011612
3,9,202,coughs,OTHER,0.04159102216362953,-0.10000000149011612,0.10000000149011612
3,9,202,wife daughters,PERSON,0.03862572833895683,-0.10000000149011612,0.10000000149011612
3,9,202,times,OTHER,0.029000021517276764,-0.10000000149011612,0.10000000149011612
3,9,202,wife nerves,OTHER,0.020412227138876915,-0.10000000149011612,0.10000000149011612
3,9,202,one,PERSON,0.015970133244991302,-0.10000000149011612,0.10000000149011612
3,10,225,wife daughters,PERSON,0.19563870131969452,0.0,0.0
3,10,225,one,OTHER,0.17519214749336243,0.0,0.0
3,10,225,Father,PERSON,0.12357409298419952,0.0,0.0
3,10,225,daughter,PERSON,0.11876367777585983,0.0,0.0
3,10,225,one,OTHER,0.07261011749505997,0.0,0.0
3,10,225,wife daughters,PERSON,0.05651627480983734,0.0,0.0
3,10,225,Father,PERSON,0.052661485970020294,0.0,0.0
3,10,225,wife daughters,PERSON,0.052661485970020294,0.0,0.0
3,10,225,one,PERSON,0.05050508305430412,0.0,0.0
3,10,225,amusement,OTHER,0.040299419313669205,0.0,0.0
3,10,225,ball,OTHER,0.01381457969546318,0.0,0.0
3,10,225,Father,PERSON,0.013741394504904747,0.0,0.0
3,11,31,fortnight,OTHER,1.0,0.0,0.0
3,12,233,Aye,LOCATION,0.4235247075557709,0.0,0.0
3,12,233,Long,PERSON,0.1257794350385666,0.0,0.0
3,12,233,mother,PERSON,0.09033750742673874,0.0,0.0
3,12,233,daughter,PERSON,0.09033750742673874,0.0,0.0
3,12,233,Mrs.,PERSON,0.08208490908145905,0.0,0.0
3,12,233,Charles,PERSON,0.06627686321735382,0.0,0.0
3,12,233,Father,PERSON,0.054505616426467896,0.0,0.0
3,12,233,Mrs.,PERSON,0.041155293583869934,0.0,0.0
3,12,233,Mrs.,PERSON,0.025998160243034363,0.0,0.0
3,13,166,Father,PERSON,0.35427772998809814,0.0,0.0
3,13,166,Father,PERSON,0.16026359796524048,0.0,0.0
3,13,166,Father,PERSON,0.11294723302125931,0.0,0.0
3,13,166,daughter,PERSON,0.1116599515080452,0.10000000149011612,0.10000000149011612
3,13,166,daughter friend,PERSON,0.09558667242527008,0.0,0.0
3,13,166,advantage,OTHER,0.09067711234092712,0.0,0.0
3,13,166,daughter friend,PERSON,0.05182376503944397,0.0,0.0
3,13,166,Charles,PERSON,0.022763943299651146,0.0,0.0
3,14,157,Father,PERSON,0.47192901372909546,0.0,0.0
3,14,157,Father,PERSON,0.15373636782169342,0.0,0.0
3,14,157,daughter,PERSON,0.13243792951107025,0.0,0.0
3,14,157,Father,PERSON,0.11072380840778351,0.0,0.0
3,14,157,Charles Father,PERSON,0.08813177049160004,0.0,0.0
3,14,157,daughter,PERSON,0.043041106313467026,0.0,0.0
3,15,507,Father,PERSON,0.19739842414855957,0.20000000298023224,0.20000000298023224
3,15,507,Long,PERSON,0.141877681016922,0.0,0.10000000149011612
3,15,507,Father honour,OTHER,0.1359306126832962,0.20000000298023224,0.20000000298023224
3,15,507,daughter circumspection,OTHER,0.1359306126832962,0.10000000149011612,0.10000000149011612
3,15,507,acquaintance,OTHER,0.0803501307964325,-0.10000000149011612,0.10000000149011612
3,15,507,fortnight,OTHER,0.07619597762823105,-0.10000000149011612,0.10000000149011612
3,15,507,man,PERSON,0.0308713149279356,0.0,0.0
3,15,507,fortnight,OTHER,0.019796356558799744,0.0,0.0
3,15,507,Father,PERSON,0.01879289001226425,0.0,0.0
3,15,507,nieces,PERSON,0.018332464620471,0.0,0.0
3,15,507,nieces,PERSON,0.018332464620471,0.0,0.0
3,15,507,somebody,PERSON,0.01755562797188759,0.0,0.0
3,15,507,daughter,PERSON,0.012774107046425343,0.0,0.0
3,15,507,Father,PERSON,0.012703877873718739,0.0,0.0
3,15,507,act,OTHER,0.012159876525402069,0.0,0.0
3,15,507,kindness,OTHER,0.012159876525402069,0.0,0.0
3,15,507,Mrs. Long,OTHER,0.01190697867423296,0.0,0.0
3,15,507,office,OTHER,0.011097597889602184,0.0,0.0
3,15,507,Father,PERSON,0.010735303163528442,0.0,0.0
3,15,507,office,OTHER,0.009697111323475838,0.0,0.0
3,15,507,chance,OTHER,0.005342748947441578,0.0,0.0
3,15,507,daughter friend,PERSON,0.005342748947441578,0.0,0.0
3,15,507,Father,PERSON,0.004715216811746359,0.0,0.0
3,16,116,Father wife daughters,PERSON,0.4983214735984802,0.0,0.0
3,16,116,father,PERSON,0.15969404578208923,0.0,0.0
3,16,116,Father,PERSON,0.14031752943992615,0.0,0.0
3,16,116,wife daughters,PERSON,0.13640254735946655,0.0,0.0
3,16,116,Father wife,PERSON,0.06526440382003784,-0.10000000149011612,0.10000000149011612
3,17,404,wife,PERSON,0.21952460706233978,0.0,0.20000000298023224
3,17,404,meaning,OTHER,0.17708106338977814,0.0,0.0
3,17,404,exclamation,OTHER,0.14562831819057465,0.10000000149011612,0.10000000149011612
3,17,404,wife,PERSON,0.1303703337907791,0.0,0.10000000149011612
3,17,404,stress,OTHER,0.04718872159719467,0.0,0.0
3,17,404,Father,PERSON,0.0445936918258667,0.0,0.0
3,17,404,Father,PERSON,0.030360419303178787,-0.10000000149011612,0.10000000149011612
3,17,404,Father,PERSON,0.026410259306430817,0.0,0.0
3,17,404,forms,OTHER,0.021509837359189987,0.0,0.0
3,17,404,introduction,EVENT,0.021509837359189987,0.0,0.0
3,17,404,forms,OTHER,0.021248802542686462,0.0,0.0
3,17,404,introduction,EVENT,0.021248802542686462,0.0,0.0
3,17,404,nonsense,OTHER,0.018910739570856094,0.0,0.0
3,17,404,Father,PERSON,0.01654716208577156,-0.20000000298023224,0.20000000298023224
3,17,404,reflection,OTHER,0.01301802322268486,0.0,0.0
3,17,404,great books,WORK_OF_ART,0.011516429483890533,0.0,0.0
3,17,404,Father,PERSON,0.011390894651412964,0.0,0.0
3,17,404,Father,PERSON,0.009246937930583954,0.0,0.0
3,17,404,extracts,OTHER,0.0072243670001626015,0.0,0.0
3,17,404,Father,PERSON,0.005470744799822569,0.0,0.0
3,18,74,Father wife,PERSON,0.7682037949562073,0.0,0.0
3,18,74,something,OTHER,0.23179620504379272,0.0,0.0
3,19,108,Father,PERSON,0.2909817397594452,0.0,0.0
3,19,108,wife,PERSON,0.2520984411239624,0.0,0.0
3,19,108,Father,PERSON,0.1978292316198349,0.0,0.0
3,19,108,wife ideas,OTHER,0.12630905210971832,0.0,0.0
3,19,108,Father,PERSON,0.08445050567388535,0.0,0.0
3,19,108,Charles,PERSON,0.048331037163734436,0.0,0.0
3,20,60,wife,PERSON,0.44916361570358276,-0.30000001192092896,0.30000001192092896
3,20,60,wife,PERSON,0.23162411153316498,-0.30000001192092896,0.30000001192092896
3,20,60,Charles,PERSON,0.1775645613670349,-0.30000001192092896,0.30000001192092896
3,20,60,Father,PERSON,0.14164771139621735,-0.30000001192092896,0.30000001192092896
3,21,317,wife,PERSON,0.6320664286613464,0.0,0.10000000149011612
3,21,317,wife,PERSON,0.1214766874909401,0.0,0.0
3,21,317,Father,PERSON,0.08171673864126205,0.0,0.10000000149011612
3,21,317,wife,PERSON,0.07320868223905563,0.0,0.0
3,21,317,visit,EVENT,0.022512514144182205,0.0,0.0
3,21,317,Charles,PERSON,0.01778126135468483,0.0,0.0
3,21,317,acquaintance,OTHER,0.015799297019839287,0.0,0.0
3,21,317,Father,PERSON,0.00833739060908556,0.0,0.0
3,22,259,astonishment,OTHER,0.43070197105407715,0.0,0.20000000298023224
3,22,259,wife daughters,PERSON,0.12093465775251389,0.0,0.0
3,22,259,Father,PERSON,0.1040361151099205,0.0,0.0
3,22,259,Father,PERSON,0.10317439585924149,0.0,0.0
3,22,259,wife,PERSON,0.04415864869952202,0.0,0.0
3,22,259,rest,OTHER,0.03745359554886818,0.0,0.0
3,22,259,tumult,OTHER,0.03486032038927078,0.0,0.0
3,22,259,joy,OTHER,0.030920926481485367,0.10000000149011612,0.10000000149011612
3,22,259,Father,PERSON,0.028026513755321503,0.0,0.0
3,22,259,wife,PERSON,0.02338649146258831,0.0,0.0
3,22,259,Father,PERSON,0.01974186860024929,0.0,0.0
3,22,259,wife,PERSON,0.013877510093152523,0.0,0.0
3,22,259,Father,PERSON,0.008726982399821281,0.0,0.0
3,23,369,wife,PERSON,0.43006014823913574,0.20000000298023224,0.6000000238418579
3,23,369,Father,PERSON,0.32312217354774475,0.5,1.100000023841858
3,23,369,Father,PERSON,0.07126112282276154,0.6000000238418579,0.6000000238418579
3,23,369,Father,PERSON,0.024502892047166824,0.0,0.0
3,23,369,Father,PERSON,0.023753544315695763,0.0,0.0
3,23,369,Father,PERSON,0.020153388381004333,0.4000000059604645,0.4000000059604645
3,23,369,Father,PERSON,0.015889208763837814,0.0,0.0
3,23,369,Father,PERSON,0.01454815175384283,0.5,0.5
3,23,369,Father,PERSON,0.013852691277861595,0.0,0.0
3,23,369,Father,PERSON,0.013852691277861595,0.0,0.0
3,23,369,Father wife,PERSON,0.013450460508465767,0.0,0.0
3,23,369,joke,OTHER,0.01330482866615057,0.6000000238418579,1.2000000476837158
3,23,369,girls,PERSON,0.00959121622145176,0.0,0.0
3,23,369,acquaintance,OTHER,0.008286027237772942,0.0,0.0
3,23,369,word,OTHER,0.004371433053165674,0.4000000059604645,0.4000000059604645
3,24,237,one,OTHER,0.19553706049919128,0.0,0.0
3,24,237,Father,PERSON,0.14913728833198547,0.0,0.0
3,24,237,Father,PERSON,0.09882339090108871,0.0,0.0
3,24,237,one,PERSON,0.08016376197338104,0.0,0.0
3,24,237,wife daughters,PERSON,0.08016376197338104,0.0,0.0
3,24,237,Father,PERSON,0.059044260531663895,0.0,0.0
3,24,237,wife daughters,PERSON,0.055629193782806396,0.0,0.0
3,24,237,one,OTHER,0.055629193782806396,0.0,0.0
3,24,237,wife daughters,PERSON,0.05497222766280174,0.0,0.0
3,24,237,wife,PERSON,0.02939288690686226,0.0,0.0
3,24,237,room,LOCATION,0.02284041792154312,0.0,0.0
3,24,237,raptures,OTHER,0.022023508325219154,0.0,0.0
3,24,237,Father,PERSON,0.02150637097656727,0.0,0.0
3,24,237,Father,PERSON,0.020303333178162575,0.0,0.0
3,24,237,Father,PERSON,0.013415991328656673,0.0,0.0
3,25,585,Father,PERSON,0.1260254979133606,0.0,0.10000000149011612
3,25,585,wife daughters,PERSON,0.10404933989048004,0.0,0.0
3,25,585,wife daughters,PERSON,0.10285060852766037,0.0,0.0
3,25,585,wife,PERSON,0.07763046771287918,0.0,0.20000000298023224
3,25,585,Father,PERSON,0.03250667452812195,0.0,0.4000000059604645
3,25,585,door,OTHER,0.028923606500029564,0.0,0.0
3,25,585,Father,PERSON,0.01815709099173546,-0.10000000149011612,0.10000000149011612
3,25,585,Father,PERSON,0.017937086522579193,0.0,0.0
3,25,585,wife,PERSON,0.015441068448126316,-0.10000000149011612,0.10000000149011612
3,25,585,wife daughters,PERSON,0.013410365208983421,0.0,0.0
3,25,585,matter,OTHER,0.009570720605552197,0.0,0.0
3,25,585,life,OTHER,0.009523298591375351,0.0,0.0
3,25,585,kindness,OTHER,0.009454186074435711,0.0,0.0
3,25,585,wife daughters,PERSON,0.009243262000381947,0.0,0.0
3,25,585,anything,OTHER,0.00832226313650608,0.0,0.0
3,25,585,amends,OTHER,0.007489824201911688,-0.10000000149011612,0.10000000149011612
3,25,585,love,OTHER,0.00656896410509944,0.0,0.0
3,25,585,ball,EVENT,0.004600951913744211,0.0,0.0
3,25,585,acquaintance,OTHER,0.003354332409799099,0.0,0.0
3,25,585,wife daughters sakes,PERSON,0.0028941745404154062,0.0,0.0
3,25,585,Charles,PERSON,0.002720749704167247,0.0,0.0
3,25,585,dare,OTHER,0.0016376221319660544,0.0,0.0
3,25,585,Lydia,PERSON,0.0015795949148014188,0.0,0.10000000149011612
3,26,117,Lydia,PERSON,0.9224225878715515,0.10000000149011612,0.699999988079071
3,26,117,tallest,OTHER,0.07757742702960968,0.0,0.0
3,27,171,rest,OTHER,0.4052432179450989,0.0,0.0
3,27,171,Lydia,PERSON,0.19358740746974945,0.0,0.0
3,27,171,Father,PERSON,0.1373712569475174,0.0,0.0
3,27,171,wife daughters,PERSON,0.08552451431751251,0.0,0.0
3,27,171,visit,EVENT,0.07417920976877213,0.0,0.0
3,27,171,dinner,OTHER,0.06056011840701103,0.0,0.0
3,27,171,Father,PERSON,0.043534278869628906,0.0,0.0
4,1,968,daughters,PERSON,0.26546141505241394,0.0,0.6000000238418579
4,1,968,Charles,PERSON,0.21046625077724457,0.30000001192092896,2.299999952316284
4,1,968,Mother,PERSON,0.08612187206745148,0.0,0.0
4,1,968,Mother,PERSON,0.08612187206745148,0.0,0.0
4,1,968,assistance,OTHER,0.05265422537922859,0.0,0.0
4,1,968,subject,OTHER,0.05265422537922859,0.0,0.0
4,1,968,husband,PERSON,0.0231203343719244,0.0,0.0
4,1,968,Mother,PERSON,0.020123817026615143,0.0,0.0
4,1,968,description,OTHER,0.019143393263220787,0.0,0.0
4,1,968,Mother,PERSON,0.016371970996260643,0.0,0.0
4,1,968,Lucas,PERSON,0.016268614679574966,0.0,0.0
4,1,968,Mother,PERSON,0.011214264668524265,0.0,0.0
4,1,968,Mother,PERSON,0.011214264668524265,0.0,0.0
4,1,968,Mother,PERSON,0.01107798982411623,0.0,0.0
4,1,968,Mother husband,PERSON,0.01094383466988802,0.30000001192092896,0.30000001192092896
4,1,968,Mother,PERSON,0.010243246331810951,0.4000000059604645,0.4000000059604645
4,1,968,ways,OTHER,0.009821061044931412,0.0,0.0
4,1,968,neighbour,PERSON,0.007891473360359669,0.5,0.5
4,1,968,Lady,PERSON,0.007644519675523043,0.0,0.0
4,1,968,intelligence,OTHER,0.006717744283378124,0.0,0.0
4,1,968,skill,OTHER,0.006635866593569517,0.0,0.0
4,1,968,suppositions,OTHER,0.006635866593569517,0.0,0.0
4,1,968,questions,OTHER,0.006635866593569517,0.0,0.0
4,1,968,report,WORK_OF_ART,0.006134462542831898,0.5,0.5
4,1,968,Nothing,OTHER,0.005650816019624472,0.699999988079071,0.699999988079071
4,1,968,assembly,EVENT,0.004596727900207043,0.5,0.5
4,1,968,party,ORGANIZATION,0.004596727900207043,0.6000000238418579,0.6000000238418579
4,1,968,dancing,OTHER,0.004577773157507181,0.30000001192092896,0.30000001192092896
4,1,968,Lady Lucas,PERSON,0.00413169339299202,0.5,0.5
4,1,968,step,OTHER,0.0034936279989778996,0.30000001192092896,0.30000001192092896
4,1,968,love,OTHER,0.003205624409019947,0.30000001192092896,0.30000001192092896
4,1,968,hopes,OTHER,0.003205624409019947,0.30000001192092896,0.30000001192092896
4,1,968,heart,OTHER,0.003205624409019947,0.20000000298023224,0.20000000298023224
4,1,968,whole,OTHER,0.002017298247665167,0.5,0.5
4,2,209,Mother,PERSON,0.31174030900001526,0.10000000149011612,0.10000000149011612
4,2,209,Mother,PERSON,0.24103452265262604,0.10000000149011612,0.10000000149011612
4,2,209,Mother,PERSON,0.12033383548259735,0.10000000149011612,0.10000000149011612
4,2,209,daughters,PERSON,0.08699245750904083,0.10000000149011612,0.10000000149011612
4,2,209,one,OTHER,0.08699245750904083,0.10000000149011612,0.10000000149011612
4,2,209,husband,PERSON,0.05585003271698952,0.10000000149011612,0.10000000149011612
4,2,209,nothing,OTHER,0.04201055318117142,0.10000000149011612,0.10000000149011612
4,2,209,Netherfield,LOCATION,0.0360771082341671,0.10000000149011612,0.10000000149011612
4,2,209,others,PERSON,0.01896871253848076,0.10000000149011612,0.10000000149011612
4,3,441,Charles,PERSON,0.3389708697795868,0.0,0.5
4,3,441,husband,PERSON,0.2082609385251999,0.0,0.20000000298023224
4,3,441,Mother,PERSON,0.20105570554733276,0.0,0.30000001192092896
4,3,441,husband visit,EVENT,0.06819649040699005,0.0,0.0
4,3,441,daughters,PERSON,0.05636646971106529,0.0,0.30000001192092896
4,3,441,husband library,LOCATION,0.027520041912794113,0.0,0.0
4,3,441,Mother,PERSON,0.020915668457746506,-0.10000000149011612,0.10000000149011612
4,3,441,Mother,PERSON,0.019115937873721123,0.10000000149011612,0.10000000149011612
4,3,441,sight,OTHER,0.013485834933817387,-0.10000000149011612,0.10000000149011612
4,3,441,hopes,OTHER,0.013322235085070133,0.0,0.0
4,3,441,window,OTHER,0.009299694560468197,0.10000000149011612,0.10000000149011612
4,3,441,horse,OTHER,0.006518635433167219,0.10000000149011612,0.10000000149011612
4,3,441,blue coat,OTHER,0.006518635433167219,0.10000000149011612,0.10000000149011612
4,3,441,Mother,PERSON,0.006364097818732262,0.10000000149011612,0.10000000149011612
4,3,441,advantage,OTHER,0.004088760353624821,0.10000000149011612,0.10000000149011612
4,4,1343,Charles,PERSON,0.16025564074516296,0.0,0.6000000238418579
4,4,1343,answer,OTHER,0.13554906845092773,0.0,0.0
4,4,1343,credit,OTHER,0.06902656704187393,0.0,0.0
4,4,1343,invitation,OTHER,0.06237855553627014,0.0,0.0
4,4,1343,courses,OTHER,0.06211695447564125,0.0,0.0
4,4,1343,party,ORGANIZATION,0.060456257313489914,0.0,0.0
4,4,1343,Mother,PERSON,0.05933290347456932,0.0,0.10000000149011612
4,4,1343,housekeeping,PERSON,0.05496003478765488,0.0,0.0
4,4,1343,dinner,OTHER,0.05496003478765488,0.0,0.0
4,4,1343,Mother,PERSON,0.0196413304656744,0.20000000298023224,0.20000000298023224
4,4,1343,Mother,PERSON,0.017468223348259926,0.0,0.0
4,4,1343,Lucas,PERSON,0.015371001325547695,0.0,0.0
4,4,1343,daughters,PERSON,0.013592617586255074,0.0,0.0
4,4,1343,Mother,PERSON,0.011818415485322475,0.0,0.0
4,4,1343,Mother,PERSON,0.011706422083079815,0.0,0.0
4,4,1343,town,LOCATION,0.011551315896213055,0.0,0.0
4,4,1343,invitation,OTHER,0.011551315896213055,0.0,0.0
4,4,1343,honour,OTHER,0.010150679387152195,0.0,0.0
4,4,1343,daughters,PERSON,0.009191363118588924,0.0,0.0
4,4,1343,Mother,PERSON,0.008161564357578754,0.10000000149011612,0.10000000149011612
4,4,1343,another,OTHER,0.007830237969756126,0.0,0.0
4,4,1343,town,LOCATION,0.00773469265550375,-0.10000000149011612,0.10000000149011612
4,4,1343,London,LOCATION,0.007268129847943783,0.0,0.10000000149011612
4,4,1343,ball,OTHER,0.007165671791881323,0.0,0.0
4,4,1343,place,OTHER,0.0068794661201536655,0.0,0.0
4,4,1343,Lady,PERSON,0.006860637571662664,0.0,0.0
4,4,1343,business,OTHER,0.006795487832278013,0.0,0.0
4,4,1343,arrival,EVENT,0.006795487832278013,-0.10000000149011612,0.10000000149011612
4,4,1343,daughters,PERSON,0.006345164030790329,0.10000000149011612,0.10000000149011612
4,4,1343,little,OTHER,0.006295375991612673,0.0,0.0
4,4,1343,idea,OTHER,0.006295375991612673,0.0,0.0
4,4,1343,ball,EVENT,0.00538974953815341,0.0,0.0
4,4,1343,cousin,PERSON,0.0047347089275717735,0.0,0.0
4,4,1343,hearing,EVENT,0.0047347089275717735,0.10000000149011612,0.10000000149011612
4,4,1343,report,WORK_OF_ART,0.004145066719502211,0.0,0.0
4,4,1343,Netherfield,LOCATION,0.00406862935051322,0.0,0.0
4,4,1343,Hertfordshire,LOCATION,0.0040189046412706375,0.0,0.0
4,4,1343,Mother,PERSON,0.0035825702361762524,0.0,0.0
4,4,1343,Charles,PERSON,0.0035585244186222553,0.0,0.0
4,4,1343,man,PERSON,0.0033082053996622562,0.0,0.0
4,4,1343,sisters,PERSON,0.0033082053996622562,0.0,0.0
4,4,1343,eldest,OTHER,0.0033082053996622562,0.0,0.0
4,4,1343,assembly room,LOCATION,0.0033082053996622562,0.0,0.0
4,4,1343,husband,PERSON,0.0033082053996622562,0.0,0.0
4,4,1343,daughters,PERSON,0.0027840363327413797,0.0,0.0
4,4,1343,assembly,EVENT,0.002369602443650365,0.0,0.0
4,4,1343,ladies,PERSON,0.0023642920423299074,0.0,0.0
4,4,1343,gentlemen,PERSON,0.002081287559121847,0.0,0.0
4,4,1343,number,OTHER,0.002076622797176242,0.0,0.0
4,4,1343,ladies,PERSON,0.0020442763343453407,0.0,0.0
4,5,1308,Charles,PERSON,0.3564728796482086,0.10000000149011612,2.200000047683716
4,5,1308,friend,PERSON,0.21395240724086761,0.0,0.0
4,5,1308,Fitzwilliam,LOCATION,0.11561901867389679,0.0,0.20000000298023224
4,5,1308,friend,PERSON,0.08153554797172546,0.0,0.0
4,5,1308,countenance,OTHER,0.03346359357237816,0.8999999761581421,0.8999999761581421
4,5,1308,manners,OTHER,0.03346359357237816,0.8999999761581421,0.8999999761581421
4,5,1308,Hurst,PERSON,0.026456141844391823,0.0,0.10000000149011612
4,5,1308,sisters,PERSON,0.02143310010433197,0.4000000059604645,0.4000000059604645
4,5,1308,Charles,PERSON,0.017865195870399475,0.4000000059604645,0.4000000059604645
4,5,1308,report,WORK_OF_ART,0.010493414476513863,0.0,0.0
4,5,1308,friend,PERSON,0.006869384087622166,0.0,0.0
4,5,1308,friend,PERSON,0.006869384087622166,0.0,0.0
4,5,1308,air,OTHER,0.005428742151707411,0.20000000298023224,0.20000000298023224
4,5,1308,fashion,OTHER,0.005428742151707411,0.30000001192092896,0.30000001192092896
4,5,1308,attention,OTHER,0.005401796195656061,0.0,0.0
4,5,1308,friend,PERSON,0.004737266339361668,0.0,0.0
4,5,1308,figure,OTHER,0.0041593764908611774,0.0,0.0
4,5,1308,entrance,EVENT,0.003691565478220582,0.0,0.0
4,5,1308,gentlemen,PERSON,0.0036785397678613663,0.0,0.0
4,5,1308,circulation,OTHER,0.003646484576165676,0.0,0.0
4,5,1308,mien,PERSON,0.003646484576165676,0.10000000149011612,0.10000000149011612
4,5,1308,features,OTHER,0.003646484576165676,0.0,0.0
4,5,1308,room,LOCATION,0.003646484576165676,0.0,0.0
4,5,1308,person,PERSON,0.003646484576165676,0.0,0.0
4,5,1308,fine,OTHER,0.003646484576165676,0.0,0.0
4,5,1308,man,PERSON,0.0033753474708646536,0.0,0.0
4,5,1308,admiration,OTHER,0.0033753474708646536,0.0,0.0
4,5,1308,ladies,PERSON,0.002841729437932372,0.0,0.0
4,5,1308,company,ORGANIZATION,0.002544044516980648,0.0,0.0
4,5,1308,countenance,OTHER,0.0020273809786885977,0.0,0.0
4,5,1308,estate,LOCATION,0.0017807884141802788,0.0,0.0
4,5,1308,manners,OTHER,0.0012702055973932147,0.0,0.0
4,5,1308,popularity,OTHER,0.0011156382970511913,0.0,0.0
4,5,1308,disgust,OTHER,0.0011156382970511913,0.0,0.0
4,5,1308,Hertfordshire,LOCATION,0.0010524510871618986,0.0,0.0
4,5,1308,tide,OTHER,0.0006028270581737161,0.0,0.0
4,6,1289,Charles,PERSON,0.4301191568374634,-0.10000000149011612,3.0999999046325684
4,6,1289,Fitzwilliam,PERSON,0.16454052925109863,-0.20000000298023224,2.5
4,6,1289,friend,PERSON,0.058368973433971405,-0.20000000298023224,0.800000011920929
4,6,1289,Fitzwilliam,LOCATION,0.049348149448633194,0.0,1.0
4,6,1289,room,LOCATION,0.04659770429134369,0.0,0.0
4,6,1289,people,PERSON,0.04104462265968323,0.0,0.0
4,6,1289,dance,OTHER,0.04104462265968323,0.0,0.0
4,6,1289,Hurst,PERSON,0.02552824839949608,0.0,0.0
4,6,1289,ball,OTHER,0.015720274299383163,0.0,0.0
4,6,1289,character,PERSON,0.00962627213448286,0.0,0.0
4,6,1289,Netherfield,LOCATION,0.00931736920028925,0.0,0.0
4,6,1289,friend,PERSON,0.009005612693727016,0.10000000149011612,0.10000000149011612
4,6,1289,qualities,OTHER,0.008612706325948238,0.30000001192092896,0.30000001192092896
4,6,1289,qualities,OTHER,0.008612706325948238,0.5,0.5
4,6,1289,one,OTHER,0.00630551390349865,0.0,0.0
4,6,1289,Charles,PERSON,0.006172302644699812,0.10000000149011612,0.10000000149011612
4,6,1289,assembly room,LOCATION,0.005837449338287115,0.0,0.0
4,6,1289,lady,PERSON,0.00512846652418375,0.0,0.0
4,6,1289,rest,OTHER,0.00512846652418375,0.0,0.0
4,6,1289,contrast,OTHER,0.005083783064037561,0.0,0.0
4,6,1289,one,OTHER,0.0047211130149662495,-0.4000000059604645,0.4000000059604645
4,6,1289,party,ORGANIZATION,0.004705825820565224,0.0,0.0
4,6,1289,dislike,OTHER,0.004010092932730913,-0.4000000059604645,0.4000000059604645
4,6,1289,resentment,OTHER,0.004010092932730913,-0.30000001192092896,0.30000001192092896
4,6,1289,behaviour,OTHER,0.004010092932730913,-0.4000000059604645,0.4000000059604645
4,6,1289,one,OTHER,0.003305410500615835,-0.4000000059604645,0.4000000059604645
4,6,1289,Caroline,PERSON,0.0030327429994940758,0.0,0.0
4,6,1289,dislike,OTHER,0.0028072879649698734,-0.4000000059604645,0.4000000059604645
4,6,1289,behaviour,OTHER,0.0028072879649698734,-0.4000000059604645,0.4000000059604645
4,6,1289,resentment,OTHER,0.0028072879649698734,-0.30000001192092896,0.30000001192092896
4,6,1289,Mother,PERSON,0.0028072879649698734,-0.4000000059604645,0.4000000059604645
4,6,1289,Mother,PERSON,0.0025840322487056255,-0.30000001192092896,0.30000001192092896
4,6,1289,daughters,PERSON,0.002465855795890093,-0.30000001192092896,0.30000001192092896
4,6,1289,man,PERSON,0.0016870542895048857,0.0,0.0
4,6,1289,everybody,PERSON,0.0015477931592613459,0.0,0.0
4,6,1289,world,LOCATION,0.0015477931592613459,0.0,0.0
4,7,354,Charles,PERSON,0.2054230123758316,0.0,0.10000000149011612
4,7,354,scarcity,OTHER,0.1783565729856491,0.0,0.0
4,7,354,Fitzwilliam,PERSON,0.12141679972410202,0.0,0.0
4,7,354,dances,OTHER,0.09447769075632095,0.0,0.0
4,7,354,gentlemen,PERSON,0.07129282504320145,0.0,0.0
4,7,354,Elizabeth,PERSON,0.07019788026809692,0.0,0.10000000149011612
4,7,354,dances,OTHER,0.06467948853969574,0.0,0.0
4,7,354,part,OTHER,0.04862364009022713,0.0,0.0
4,7,354,dances,OTHER,0.04568750783801079,0.0,0.0
4,7,354,conversation,OTHER,0.045236632227897644,0.0,0.0
4,7,354,dances,OTHER,0.02715153992176056,0.0,0.0
4,7,354,friend,PERSON,0.01723821647465229,0.0,0.0
4,7,354,Fitzwilliam,LOCATION,0.010218201205134392,0.0,0.0
4,8,282,Charles,PERSON,0.3632546067237854,0.0,1.600000023841858
4,8,282,Fitzwilliam,LOCATION,0.3503252863883972,0.0,1.2999999523162842
4,8,282,friend,PERSON,0.0821385607123375,0.10000000149011612,0.8999999761581421
4,8,282,friend,PERSON,0.053180087357759476,0.10000000149011612,0.10000000149011612
4,8,282,dance,OTHER,0.04285232350230217,0.10000000149011612,0.10000000149011612
4,8,282,friend,PERSON,0.024082347750663757,-0.20000000298023224,0.20000000298023224
4,8,282,Charles,PERSON,0.017722023651003838,-0.10000000149011612,0.10000000149011612
4,8,282,manner,OTHER,0.012843057513237,-0.30000001192092896,0.30000001192092896
4,8,282,dance,OTHER,0.010195699520409107,0.6000000238418579,0.6000000238418579
4,9,456,friend,PERSON,0.24577704071998596,-0.10000000149011612,0.20000000298023224
4,9,456,Charles,PERSON,0.17394891381263733,0.0,0.5
4,9,456,friend,PERSON,0.10990889370441437,-0.10000000149011612,0.10000000149011612
4,9,456,Fitzwilliam,LOCATION,0.08254144340753555,0.0,0.699999988079071
4,9,456,Fitzwilliam Charles,ORGANIZATION,0.06986727565526962,-0.10000000149011612,0.10000000149011612
4,9,456,dance,OTHER,0.016281429678201675,-0.10000000149011612,0.10000000149011612
4,9,456,dance,OTHER,0.0125416349619627,0.0,0.0
4,9,456,partner,PERSON,0.009805877692997456,-0.10000000149011612,0.10000000149011612
4,9,456,assembly,EVENT,0.00975736416876316,0.10000000149011612,0.10000000149011612
4,9,456,sisters,PERSON,0.008924956433475018,0.10000000149011612,0.10000000149011612
4,9,456,punishment,OTHER,0.008292884565889835,0.0,0.0
4,9,456,Charles,PERSON,0.008222794160246849,0.10000000149011612,0.10000000149011612
4,9,456,room,LOCATION,0.006733613088726997,0.10000000149011612,0.10000000149011612
4,9,456,woman,PERSON,0.003556767711415887,0.0,0.0
4,10,328,Charles,PERSON,0.6422114372253418,0.10000000149011612,1.100000023841858
4,10,328,friend,PERSON,0.0966072678565979,0.0,0.0
4,10,328,kingdom,LOCATION,0.05814628675580025,0.0,0.0
4,10,328,Fitzwilliam,LOCATION,0.05663152039051056,0.0,0.0
4,10,328,girls,PERSON,0.029828742146492004,0.20000000298023224,0.20000000298023224
4,10,328,honour,OTHER,0.02857021428644657,0.10000000149011612,0.10000000149011612
4,10,328,life,OTHER,0.02623540163040161,0.20000000298023224,0.20000000298023224
4,10,328,girls,PERSON,0.02253768779337406,0.20000000298023224,0.20000000298023224
4,10,328,Fitzwilliam,PERSON,0.019894402474164963,0.20000000298023224,0.4000000059604645
4,10,328,several,LOCATION,0.019337045028805733,0.10000000149011612,0.10000000149011612
4,11,101,Charles,PERSON,0.4274894595146179,0.0,0.0
4,11,101,Fitzwilliam,PERSON,0.2648644745349884,0.0,0.0
4,11,101,Elizabeth,PERSON,0.1912323385477066,0.0,0.0
4,11,101,Charles,PERSON,0.11641372740268707,0.0,0.0
4,12,379,Elizabeth,PERSON,0.24181462824344635,0.699999988079071,2.0999999046325684
4,12,379,Fitzwilliam,LOCATION,0.1902591735124588,0.20000000298023224,1.5
4,12,379,Charles,PERSON,0.18318358063697815,0.20000000298023224,1.600000023841858
4,12,379,friend,PERSON,0.17594212293624878,0.10000000149011612,0.30000001192092896
4,12,379,friend,PERSON,0.1137654036283493,0.10000000149011612,0.30000001192092896
4,12,379,creature,OTHER,0.02470964379608631,0.800000011920929,0.800000011920929
4,12,379,friend,PERSON,0.01732335239648819,0.0,0.0
4,12,379,sisters,PERSON,0.016642017289996147,0.30000001192092896,0.30000001192092896
4,12,379,partner,PERSON,0.011629954911768436,0.0,0.0
4,12,379,one,PERSON,0.005943945609033108,0.20000000298023224,0.20000000298023224
4,12,379,dare,OTHER,0.005129192024469376,0.30000001192092896,0.30000001192092896
