2,Bilbo,PERSON,0.051631089,0.600000024,0.600000024
2,Bilbo,PERSON,0.288560361,0.100000001,1
2,Bilbo,PERSON,0.250528783,0,0.100000001
2,Bilbo,PERSON,0.024934981,0.100000001,0.300000012
2,Gandalf,PERSON,0.43480745,0,0.200000003
2,Bilbo,PERSON,0.386298418,0,0
2,Bilbo,PERSON,0.163522437,-0.100000001,0.300000012
2,Gandalf,PERSON,0.339490145,0,0
2,Bilbo,PERSON,0.85831058,0.100000001,0.600000024
2,Gandalf,PERSON,0.479561716,-0.100000001,1.299999952
2,Bilbo,PERSON,0.071926296,0.200000003,0.200000003
2,Gandalf,PERSON,0.108474217,0.300000012,0.300000012
2,Bilbo,PERSON,0.035942938,0.300000012,0.600000024
2,Gandalf,PERSON,0.260161251,0,0.300000012
2,Gandalf,PERSON,0.146990091,0,0.699999988
2,Bilbo,PERSON,0.528492212,0,0.400000006
2,Gandalf,PERSON,0.030026095,0,0.100000001
2,Bilbo,PERSON,0.304989904,0,0
2,Gandalf,PERSON,0.142602786,0,0
2,Gandalf,PERSON,0.703322828,0,0.600000024
2,Bilbo,PERSON,0.219954699,0,0.100000001
2,Gandalf,PERSON,0.469304413,0,0.899999976
2,Bilbo,PERSON,0.738980353,0.100000001,1
2,Bilbo,PERSON,0.011438495,0.100000001,0.100000001
2,Bilbo,PERSON,0.173219889,0,0
2,Gandalf,PERSON,0.012226532,0,0
2,Bilbo,PERSON,0.456367791,0,0
2,Bilbo,PERSON,0.342244387,0,0.899999976
2,Bilbo,PERSON,0.487897128,-0.200000003,0.699999988
2,Bilbo,PERSON,0.173014238,0,0.100000001
2,Gandalf,PERSON,0.296640784,0,0
2,Bilbo,PERSON,0.035462826,0.100000001,0.100000001
2,Thorin,PERSON,0.014990877,-0.300000012,0.600000024
2,Bilbo,PERSON,0.56971252,0.100000001,0.5
2,Gandalf,PERSON,1,0,0
2,Thorin,PERSON,0.048473582,0,0
2,Gandalf,PERSON,0.672455847,-0.100000001,0.899999976
2,Bilbo,PERSON,0.30661124,0,0.100000001
2,Bilbo,PERSON,0.059394136,0,0
2,Gandalf,PERSON,0.174888805,0,0
2,Thorin,PERSON,0.079984039,0,0
2,Thorin,PERSON,0.031217933,0.100000001,0.100000001
2,Gandalf,PERSON,1,-0.400000006,0.400000006
2,Bilbo,PERSON,1,-0.5,0.5
2,Bilbo,PERSON,0.100352727,0,0.400000006
2,Thorin,PERSON,0.057339486,0,0.200000003
2,Gandalf,PERSON,0.054474819,0.100000001,0.800000012
2,Bilbo,PERSON,0.255537003,0,0
2,Thorin,PERSON,0.017701907,0.100000001,0.300000012
2,Bilbo,PERSON,0.006405593,0.100000001,0.400000006
2,Thorin,PERSON,0.019270241,0,0
2,Gandalf,PERSON,0.003294791,0,0
2,Bilbo,PERSON,0.384207457,0,0
2,Thorin,PERSON,0.156880781,0,0
2,Bilbo,PERSON,0.389493108,-0.100000001,0.200000003
2,Bilbo,PERSON,0.240266144,0,0
2,Gandalf,PERSON,0.154054195,0,0
2,Thorin,PERSON,0.192745075,-0.200000003,1
2,Bilbo,PERSON,0.053721435,0,0
2,Gandalf,PERSON,0.0043956,0,0
2,Thorin,PERSON,0.016507851,0.400000006,0.400000006
2,Gandalf,PERSON,0.023534853,0,0
2,Bilbo,PERSON,0.604542971,0,0.699999988
2,Thorin,PERSON,0.048868738,0,0.300000012
2,Gandalf,PERSON,0.034638897,-0.300000012,0.699999988
2,Bilbo,PERSON,0.086652145,0,0
2,Gandalf,PERSON,0.053522561,0,0.100000001
2,Gandalf,PERSON,0.588724434,0,0.699999988
2,Bilbo,PERSON,0.048697378,0,0
2,Gandalf,PERSON,0.687249482,0,0.300000012
2,Gandalf,PERSON,0.00783512,0,0
2,Bilbo,PERSON,0.789462924,0,2
2,Bilbo,PERSON,0.023538591,0.100000001,0.899999976
2,Gandalf,PERSON,0.046288516,0,0
2,Thorin,PERSON,0.616124332,0,0.200000003
2,Thorin,PERSON,0.435184956,0,0
2,Thorin,OTHER,0.083181523,0,0
2,Smaug,PERSON,0.682929575,0,0.200000003
2,Bilbo,PERSON,0.498260617,0,0.100000001
2,Gandalf,PERSON,1,0.100000001,0.100000001
2,Thorin,PERSON,0.580333889,0,0
2,Gandalf,PERSON,0.005315384,0.100000001,0.100000001
2,Thorin,PERSON,0.638318896,0,0.100000001
2,Thorin,PERSON,0.66997534,0,0.100000001
2,Gandalf,PERSON,0.069903784,0,0
2,Thorin,PERSON,0.008156251,0,0
2,Bilbo,PERSON,0.608168483,0,0.100000001
2,Thorin,PERSON,0.018067962,0,0
2,Bilbo,PERSON,0.836400807,0,0.100000001
2,Thorin,PERSON,0.035385199,0,0
2,Gandalf,PERSON,0.25623396,0,0.800000012
2,Thorin,OTHER,0.003238513,-0.5,0.5
2,Smaug,OTHER,0.109107517,0,0.200000003
2,Smaug,PERSON,0.032104418,0.100000001,0.200000003
2,Thorin,PERSON,0.012899899,0,0
2,Gandalf,PERSON,0.294041932,-0.100000001,0.100000001
2,Thorin,PERSON,1,0.200000003,0.200000003
2,Thorin,PERSON,0.006386781,0,0
2,Thorin,PERSON,0.575806558,0,0.100000001
2,Thorin,PERSON,0.330828756,0,0.100000001
2,Bilbo,PERSON,0.2909877,-0.100000001,0.100000001
2,Thorin,PERSON,0.660147607,-0.100000001,0.400000006
2,Gandalf,PERSON,0.188590199,0,0
2,Thorin,PERSON,1,0,0
2,Bilbo,PERSON,0.723905742,0,0.200000003
2,Thorin,PERSON,0.089770302,-0.100000001,0.100000001
2,Bilbo,PERSON,0.720059276,0.300000012,1.100000024
2,Thorin,PERSON,0.820859075,-0.100000001,0.899999976
3,Bilbo,PERSON,0.725093901,0,3.099999905
3,Bilbo,PERSON,0.402901262,-0.100000001,0.5
3,Bilbo,PERSON,0.005173223,0.100000001,0.100000001
3,Gandalf,PERSON,0.195155129,-0.100000001,0.100000001
3,Bilbo,PERSON,0.223446131,0,0
3,Gandalf,PERSON,0.327518791,0,0
3,Gandalf,PERSON,0.052052252,0,0
3,Bilbo,PERSON,1,0,0
3,Gandalf,PERSON,1,0,0
3,Bilbo,PERSON,1,0,0
3,Bilbo,PERSON,0.694774032,0,0.800000012
3,Bilbo,PERSON,0.010250544,0,0
3,Gandalf,PERSON,0.013786913,0,0
3,Bilbo,PERSON,1,0,0
3,Thorin,PERSON,0.903600574,-0.100000001,0.899999976
3,Bilbo,PERSON,0.072938398,0,0
3,Bilbo,PERSON,0.293135017,0.200000003,0.5
3,Gandalf,PERSON,0.070035227,0.100000001,0.300000012
3,Bilbo,PERSON,0.005925565,0,0
3,Bilbo,PERSON,0.676290572,0,2.400000095
3,Bilbo,PERSON,0.445403159,0,1
3,Gandalf,PERSON,0.033501919,0,0
3,Thorin,PERSON,0.035117902,0,0
3,Bilbo,PERSON,0.011773697,0,0
3,Gandalf,PERSON,0.053861462,0,0
3,Bilbo,PERSON,0.016587056,0.100000001,0.100000001
3,Thorin,PERSON,0.611999035,0,0.5
3,Bilbo,PERSON,0.007592744,0,0
3,Bilbo,PERSON,0.203715801,0,0.200000003
3,Bilbo,PERSON,0.890651464,0,1.600000024
3,Bilbo,PERSON,0.007451838,-0.100000001,0.100000001
3,Thorin,PERSON,0.265864074,0.100000001,0.5
3,Bilbo,PERSON,0.866288364,0,0.200000003
3,Bilbo,PERSON,0.681486547,0,0
3,Bilbo,PERSON,0.88191998,0.200000003,2.799999952
3,Bilbo,PERSON,0.287842542,0,0.100000001
3,Bilbo,PERSON,0.890263557,0,0.400000006
3,Bilbo,PERSON,0.037913457,0,0
3,Bilbo,PERSON,0.009652503,0,0
3,Bilbo,PERSON,0.891215622,0,0.300000012
3,Thorin,PERSON,0.43104282,0,0.200000003
3,Bilbo,PERSON,0.396198839,0,0.200000003
3,Thorin,PERSON,0.152433425,0.200000003,1.399999976
3,Bilbo,PERSON,0.029554375,0,0.200000003
3,Bilbo,PERSON,0.006191916,0.200000003,0.200000003
3,Thorin,PERSON,0.554796875,0,0
3,Gandalf,PERSON,0.025869938,0,0
3,Thorin,PERSON,0.584048986,0.200000003,0.400000006
3,Gandalf,PERSON,0.043968745,0.100000001,0.200000003
3,Bilbo,PERSON,0.064756267,-0.100000001,0.200000003
3,Bilbo,PERSON,0.094295517,0.100000001,0.100000001
3,Gandalf,PERSON,0.017054239,-0.100000001,0.100000001
3,Gandalf,PERSON,0.753251791,0,0.100000001
3,Bilbo,PERSON,0.06947992,0.200000003,0.200000003
3,Gandalf,PERSON,0.191423506,0,0
3,Gandalf,PERSON,0.170964658,0,0
3,Thorin,PERSON,0.076484479,0,0
3,Bilbo,PERSON,0.925691128,0,0
3,Thorin,PERSON,0.074308872,0,0
3,Gandalf,PERSON,1,0,0
3,Thorin,PERSON,1,0,0
3,Bilbo,PERSON,0.652706861,0,0.200000003
3,Gandalf,PERSON,0.012110882,0,0
3,Elrond,PERSON,1,0.400000006,0.400000006
4,Thorin,PERSON,0.439560652,0,0.100000001
4,Bilbo,OTHER,0.01975577,0,0
4,Smaug,PERSON,0.76056546,0.100000001,1.799999952
4,Bilbo,PERSON,0.645158827,0.200000003,0.5
4,Gandalf,PERSON,0.018438501,0,0
4,Elrond,PERSON,0.054759197,0,0.100000001
4,Gandalf,PERSON,0.014998791,0.300000012,0.300000012
4,Bilbo,PERSON,0.004012501,-0.100000001,0.100000001
4,Gandalf,PERSON,0.002521546,0,0
4,Bilbo,PERSON,0.434726924,0,0.300000012
4,Bilbo,PERSON,0.533436954,0.100000001,0.300000012
4,Bilbo,PERSON,1,0.100000001,0.100000001
4,Bilbo,PERSON,0.199377954,0.200000003,0.800000012
4,Bilbo,PERSON,0.016678825,-0.100000001,0.300000012
4,Thorin,PERSON,0.064805388,0,0
4,Gandalf,PERSON,0.064805388,0.100000001,0.100000001
4,Thorin,PERSON,0.488803864,0.200000003,0.400000006
4,Gandalf,PERSON,0.136758491,0.200000003,0.200000003
4,Thorin,PERSON,0.529718161,0,0.600000024
4,Bilbo,PERSON,0.320392728,-0.100000001,0.300000012
4,Thorin,PERSON,0.03142558,0.200000003,0.5
4,Gandalf,PERSON,0.058373142,0.100000001,0.400000006
4,Bilbo,PERSON,0.019461779,0.100000001,0.200000003
4,Elrond,PERSON,0.015628966,0.200000003,0.200000003
4,Bilbo,PERSON,0.287112445,0.100000001,0.5
4,Elrond,PERSON,0.005708614,0,0
4,Gandalf,PERSON,0.002218269,0,0
4,Thorin,PERSON,0.343901217,0,0.100000001
4,Thorin,PERSON,0.196308985,0,0
4,Elrond,PERSON,0.588925242,0.100000001,0.300000012
4,Thorin,PERSON,0.196789399,0,0.100000001
4,Elrond,PERSON,0.024929339,0,0
4,Elrond,PERSON,0.323912412,0,0
4,Gandalf,PERSON,0.294730723,0,0
4,Thorin,PERSON,0.20376718,0,0
4,Elrond,PERSON,0.080582976,0,0
4,Elrond,PERSON,0.68440789,0,0.200000003
4,Thorin,PERSON,0.378365338,0,0
4,Elrond,PERSON,0.036037344,0,0
4,Thorin,PERSON,0.575250506,0,0
4,Gandalf,PERSON,0.236666352,0,0
4,Elrond,PERSON,0.055728603,0,0
5,Thorin,PERSON,0.006705265,0.699999988,0.699999988
5,Elrond,PERSON,0.006705265,0.600000024,0.600000024
5,Gandalf,PERSON,0.008665392,0.200000003,0.200000003
5,Bilbo,PERSON,0.065447554,0,0
5,Bilbo,PERSON,0.038940817,0,0.899999976
5,Gandalf,PERSON,0.014126932,0.100000001,0.200000003
5,Elrond,PERSON,0.069694206,0.300000012,0.300000012
5,Bilbo,PERSON,0.437624931,-0.100000001,0.100000001
5,Thorin,PERSON,0.7369017,0,0.200000003
5,Gandalf,PERSON,0.013123361,-0.200000003,0.200000003
5,Bilbo,PERSON,0.003682284,0.400000006,0.400000006
5,Thorin,PERSON,0.004162816,0.100000001,0.100000001
5,Bilbo,PERSON,0.010988281,0,0.100000001
5,Gandalf,PERSON,0.847570837,0,2
5,Bilbo,PERSON,0.122905865,0.200000003,0.899999976
5,Bilbo,PERSON,0.007992378,-0.100000001,0.100000001
5,Gandalf,PERSON,0.286654711,-0.100000001,2.700000048
5,Bilbo,PERSON,0.027166357,0,0
5,Gandalf,PERSON,0.013678261,0,0
5,Bilbo,PERSON,0.260938615,0,0.100000001
5,Elrond,PERSON,0.038329452,0,0
5,Gandalf,PERSON,0.006078759,0,0
5,Bilbo,PERSON,0.001589275,0,0
5,Thorin,PERSON,0.305925369,0,0.100000001
5,Bilbo,PERSON,0.227547482,0,0
5,Thorin,PERSON,0.072525516,-0.200000003,0.200000003
5,Thorin,PERSON,0.007397018,0,0
5,Thorin,PERSON,0.00453439,0,0
5,Thorin,OTHER,0.012461536,-0.100000001,0.100000001
5,Thorin,PERSON,0.401200235,0,0
5,Bilbo,PERSON,0.357550323,0,0.300000012
5,Bilbo,PERSON,0.024685966,0,0
5,Bilbo,PERSON,0.633367956,0.100000001,1.200000048
5,Gandalf,PERSON,0.306088358,0,0.100000001
5,Thorin,PERSON,0.02923831,0,0
5,Bilbo,PERSON,0.32600072,0.200000003,0.400000006
5,Bilbo,PERSON,0.133780703,0,0
5,Gandalf,PERSON,0.576963842,-0.100000001,0.5
5,Bilbo,PERSON,0.685586691,-0.200000003,0.400000006
5,Gandalf,PERSON,0.252107918,-0.100000001,0.200000003
5,Thorin,PERSON,0.177363828,-0.100000001,0.100000001
5,Bilbo,PERSON,0.141054139,0,0.100000001
5,Gandalf,PERSON,0.149100244,0,0
6,Bilbo,PERSON,0.637458861,0,0.100000001
6,Bilbo,PERSON,0.121957645,0,0
6,Bilbo,PERSON,0.092885569,-0.699999988,0.699999988
6,Bilbo,PERSON,0.745916486,0,0.200000003
6,Gollum,PERSON,0.541573763,0,0.200000003
6,Gollum,PERSON,0.086432755,0,0
6,Bilbo,PERSON,0.519671142,-0.100000001,0.5
6,Gollum,PERSON,0.102738947,-0.100000001,0.5
6,Bilbo,OTHER,0.053352602,0.100000001,0.100000001
6,Gollum,PERSON,0.645091534,0,0
6,Bilbo,PERSON,0.653856158,0,0
6,Gollum,PERSON,0.011283629,0,0.100000001
6,Gollum,PERSON,0.913652182,0,0.200000003
6,Bilbo,PERSON,1,-0.100000001,0.100000001
6,Gollum,PERSON,0.657770932,0,0
6,Bilbo,PERSON,0.799971938,0,0
6,Bilbo,PERSON,0.016754031,0.100000001,0.100000001
6,Gollum,PERSON,0.573307216,0,1.100000024
6,Bilbo,PERSON,0.461843252,0,0.5
6,Gollum,PERSON,0.008411861,0,0
6,Bilbo,OTHER,0.036560725,-0.200000003,0.200000003
6,Gollum,PERSON,0.484053433,0,0.100000001
6,Bilbo,PERSON,0.673753202,0,0
6,Bilbo,PERSON,0.662482321,0,0.300000012
6,Gollum,PERSON,0.26427567,-0.100000001,0.5
6,Bilbo,PERSON,0.741219938,-0.100000001,0.300000012
6,Gollum,PERSON,0.016893802,0,0
6,Bilbo,PERSON,0.538336456,0,0
6,Gollum,PERSON,0.067332022,0,0
6,Bilbo,PERSON,0.673428237,0,0
6,Bilbo,PERSON,0.164153799,0,0
6,Gollum,PERSON,0.218667641,0,0.100000001
6,Gollum,PERSON,0.082025848,0,0
6,Bilbo,PERSON,0.035900291,0,0.100000001
6,Gollum,PERSON,0.574316084,0.300000012,0.300000012
6,Bilbo,PERSON,0.910982847,-0.200000003,2.099999905
6,Gollum,PERSON,0.007545222,0,0
6,Bilbo,PERSON,0.033616688,0,0
6,Gollum,PERSON,0.855292618,-0.100000001,0.800000012
6,Bilbo,PERSON,1,0,0
6,Gollum,PERSON,0.870063365,0,0.200000003
6,Bilbo,PERSON,0.133830428,-0.100000001,0.100000001
6,Gollum,PERSON,0.790728569,-0.100000001,0.699999988
6,Bilbo,OTHER,0.221041605,-0.100000001,0.100000001
6,Gollum,PERSON,1,0,0
6,Bilbo,PERSON,0.235490665,0,0
6,Gollum,PERSON,0.717390299,0,0.200000003
6,Bilbo,PERSON,0.708615184,-0.100000001,1.100000024
6,Gollum,PERSON,0.6001665,0,0.100000001
6,Bilbo,PERSON,0.817048907,-0.100000001,1
6,Gollum,PERSON,0.029563978,-0.200000003,0.200000003
6,Bilbo,PERSON,0.772296429,0,0.100000001
6,Bilbo,PERSON,0.018514607,-0.100000001,0.100000001
6,Gollum,OTHER,0.29010272,-0.300000012,0.699999988
6,Gollum,PERSON,0.704280436,0,1.700000048
6,Bilbo,PERSON,0.649593592,0,0.300000012
6,Gollum,PERSON,0.035550136,0.100000001,0.300000012
6,Bilbo,PERSON,0.195168376,0,0
6,Bilbo,PERSON,0.199506804,0,0
6,Bilbo,OTHER,0.678264499,-0.100000001,0.300000012
6,Gollum,PERSON,0.581827939,-0.200000003,2.700000048
6,Gollum,PERSON,0.36470437,-0.100000001,0.699999988
6,Bilbo,PERSON,0.51451385,0.200000003,1.100000024
6,Bilbo,PERSON,0.821884036,0,3
6,Gollum,PERSON,0.680401027,0,0.100000001
6,Bilbo,PERSON,0.240083203,-0.200000003,0.699999988
6,Gollum,PERSON,0.456028521,-0.100000001,1
6,Bilbo,PERSON,0.176451206,0.100000001,0.100000001
6,Bilbo,OTHER,0.642185986,0,0
6,Gollum,PERSON,0.796227157,0,1.600000024
6,Bilbo,PERSON,0.034427665,-0.200000003,0.5
6,Gollum,PERSON,0.525992274,0.200000003,0.200000003
6,Gollum,PERSON,0.757254243,0,0
6,Bilbo,PERSON,0.402729094,0,0
6,Gollum,PERSON,0.418451697,0,0.100000001
6,Gollum,PERSON,0.236757919,-0.100000001,0.899999976
6,Bilbo,PERSON,0.319200009,0,0
6,Gollum,PERSON,0.111387551,0,0
6,Bilbo,PERSON,0.212984785,0,0.200000003
6,Bilbo,PERSON,0.009415846,-0.100000001,0.100000001
6,Gollum,PERSON,1,0,0
6,Bilbo,PERSON,0.537105739,-0.100000001,0.699999988
6,Gollum,PERSON,0.755182564,0,0.300000012
6,Bilbo,PERSON,0.02233712,-0.100000001,0.100000001
6,Gollum,PERSON,0.060785864,0,0
6,Gollum,PERSON,0.06266991,0,0
6,Gollum,PERSON,0.817361057,-0.100000001,0.600000024
6,Bilbo,PERSON,0.083804369,0,0.100000001
6,Gollum,PERSON,0.362741828,0.100000001,0.800000012
6,Bilbo,PERSON,0.241732627,0,0.200000003
6,Gollum,OTHER,0.325070351,-0.400000006,0.400000006
6,Gollum,PERSON,0.219339713,-0.5,0.5
6,Bilbo,PERSON,0.670093656,0,0.699999988
6,Bilbo,OTHER,0.019099047,0.100000001,0.100000001
6,Gollum,PERSON,0.613424003,-0.100000001,0.600000024
6,Gollum,PERSON,0.12931858,-0.100000001,0.300000012
6,Bilbo,PERSON,0.052059829,0,0
6,Bilbo,PERSON,0.251703352,0,0
6,Bilbo,PERSON,0.499934793,0,1
6,Bilbo,PERSON,0.281021148,0.200000003,0.699999988
6,Gollum,PERSON,0.286290199,0,0
6,Gollum,PERSON,0.171688735,0,0
6,Bilbo,PERSON,0.378194392,0,0.300000012
6,Gollum,PERSON,0.120497048,0,0.100000001
6,Bilbo,PERSON,0.432284236,0,0.600000024
6,Bilbo,PERSON,0.250504643,0.100000001,0.200000003
6,Gollum,PERSON,0.725029647,-0.100000001,1.700000048
6,Bilbo,PERSON,0.042023551,-0.200000003,0.899999976
6,Gollum,PERSON,0.017744673,0,0
6,Gollum,PERSON,0.681066871,-0.100000001,2.599999905
6,Gollum,PERSON,0.03916841,0,0.100000001
6,Bilbo,PERSON,0.032870535,0.200000003,0.200000003
6,Bilbo,PERSON,0.28409344,-0.100000001,0.300000012
6,Bilbo,PERSON,0.0076152,0.100000001,0.100000001
6,Bilbo,PERSON,0.237931982,-0.200000003,0.600000024
6,Bilbo,PERSON,0.452163786,0,0.100000001
6,Bilbo,PERSON,0.488819569,-0.100000001,1.200000048
6,Bilbo,PERSON,0.552361429,0,0
6,Bilbo,PERSON,0.613596618,0,0.899999976
6,Bilbo,PERSON,0.547785699,0.100000001,0.400000006
6,Bilbo,PERSON,0.072444856,0,0.100000001
7,Bilbo,PERSON,0.629711509,0,1.100000024
7,Bilbo,PERSON,0.048894066,0,0
7,Gandalf,PERSON,0.41890648,-0.100000001,0.600000024
7,Gandalf,PERSON,0.007426543,-0.100000001,0.100000001
7,Bilbo,PERSON,0.812393367,-0.300000012,1.700000048
7,Gandalf,PERSON,0.014866767,-0.200000003,0.200000003
7,Thorin,PERSON,0.174775243,0,0
7,Bilbo,PERSON,0.346477479,0.100000001,0.400000006
7,Gandalf,PERSON,0.010216875,0.400000006,0.400000006
7,Bilbo,PERSON,0.81093061,0.200000003,1
7,Bilbo,PERSON,0.426344663,0,0.100000001
7,Bilbo,OTHER,0.008831254,0,0
7,Gollum,PERSON,0.374294937,0,0
7,Bilbo,OTHER,0.090187497,0,0
7,Gollum,PERSON,0.596907318,0,0.400000006
7,Bilbo,PERSON,0.333115876,0,0
7,Gandalf,PERSON,0.113254435,0,0
7,Gandalf,PERSON,0.089018151,0,0
7,Bilbo,PERSON,0.129964888,-0.100000001,0.200000003
7,Bilbo,PERSON,0.02378423,0,0
7,Elrond,PERSON,0.39977783,0,0
7,Gandalf,PERSON,0.416775644,0,0.800000012
7,Bilbo,PERSON,0.120701246,0,0
7,Gandalf,PERSON,0.054162707,0,0.100000001
7,Bilbo,PERSON,0.040014829,0,0.100000001
7,Gandalf,PERSON,0.883906901,0,0.400000006
7,Bilbo,PERSON,0.277705044,0,0
7,Gandalf,PERSON,1,-0.200000003,0.200000003
7,Bilbo,PERSON,0.60542345,0,0
7,Bilbo,PERSON,0.204528764,0,0
7,Gandalf,PERSON,0.040644903,-0.300000012,0.300000012
7,Bilbo,PERSON,0.4780837,-0.100000001,0.699999988
7,Bilbo,PERSON,0.163840443,0,0
7,Thorin,PERSON,0.23770386,0,0
7,Gandalf,PERSON,0.338586479,0,0.400000006
7,Bilbo,PERSON,0.208922654,0.100000001,0.899999976
7,Gandalf,PERSON,0.00218889,0,0
7,Thorin,PERSON,0.774905086,0,0.100000001
7,Bilbo,PERSON,0.464682221,0.200000003,0.5
7,Thorin,PERSON,0.014440838,0.5,0.5
7,Bilbo,PERSON,0.352003604,-0.200000003,2.200000048
7,Bilbo,PERSON,0.248418167,0,0.300000012
7,Bilbo,PERSON,0.142799303,-0.200000003,0.899999976
7,Bilbo,PERSON,0.003330979,0.200000003,0.200000003
7,Gandalf,PERSON,0.086324565,0,0.100000001
7,Bilbo,PERSON,0.071656458,0,0
7,Gandalf,PERSON,0.070070438,-0.100000001,0.200000003
7,Gandalf,PERSON,0.548366308,0,1.100000024
7,Gandalf,PERSON,0.081872754,0.600000024,0.600000024
7,Bilbo,PERSON,0.023740239,0,0.400000006
7,Bilbo,PERSON,0.07838247,-0.200000003,0.200000003
7,Gandalf,PERSON,0.11291495,0,0
7,Gandalf,PERSON,0.589731753,0.100000001,0.5
7,Gandalf,PERSON,0.012934389,0,0
7,Gandalf,PERSON,0.838603079,0,1
7,Bilbo,PERSON,0.011337426,0,0
7,Bilbo,PERSON,0.060022164,0.100000001,0.5
7,Bilbo,PERSON,0.573352993,0,0.899999976
7,Bilbo,PERSON,0.345491052,-0.100000001,0.699999988
7,Bilbo,PERSON,0.032298218,-0.100000001,0.100000001
7,Bilbo,PERSON,0.086729363,0,0.100000001
7,Bilbo,PERSON,0.006162665,0,0
7,Gandalf,PERSON,0.472751319,0,0.300000012
7,Bilbo,PERSON,0.06162386,0,0.200000003
7,Gandalf,PERSON,0.771825492,0.300000012,0.300000012
7,Gandalf,PERSON,0.833380103,0,0.100000001
7,Bilbo,PERSON,0.05153431,-0.800000012,1.600000024
7,Bilbo,PERSON,0.040381953,-0.300000012,0.600000024
7,Gandalf,PERSON,0.48909989,0.100000001,2.099999905
8,Bilbo,PERSON,0.79731679,0,1
8,Bilbo,PERSON,0.177708432,0,0.400000006
8,Bilbo,PERSON,0.600695074,0,0.200000003
8,Bilbo,PERSON,0.189074293,0,0.100000001
8,Gandalf,PERSON,0.026872724,0,0
8,Bilbo,PERSON,0.571753919,0.100000001,1.5
8,Gandalf,PERSON,0.031894445,-0.300000012,0.300000012
8,Bilbo,PERSON,0.596264541,0,0
8,Bilbo,PERSON,0.079563618,0.100000001,0.100000001
8,Bilbo,OTHER,0.021018825,0.100000001,0.100000001
8,Beorn,PERSON,0.024150588,0,0
8,Bilbo,PERSON,0.303951621,0,0
8,Bilbo,PERSON,0.03967851,-0.100000001,0.100000001
8,Gandalf,OTHER,0.003927956,0,0
8,Smaug,PERSON,0.425795197,0,0.200000003
8,Bilbo,PERSON,0.006581288,0.100000001,0.100000001
8,Bilbo,PERSON,0.824909925,0,0
8,Gandalf,PERSON,0.003761543,0.100000001,0.100000001
8,Bilbo,PERSON,0.185170025,0,0
8,Gandalf,PERSON,0.189798579,0,0
8,Gandalf,PERSON,0.084230117,0,0
8,Bilbo,PERSON,0.13012135,0.100000001,0.100000001
8,Gandalf,PERSON,0.503607094,0.100000001,1.299999952
8,Gandalf,PERSON,0.270926148,0,0.800000012
8,Bilbo,PERSON,0.052069657,0,0
8,Beorn,PERSON,0.266031653,0,0
8,Bilbo,PERSON,0.200678766,0,0
8,Gandalf,PERSON,0.802381039,0,0
8,Beorn,PERSON,0.348198742,0,0
8,Gandalf,PERSON,0.113720149,0,0
8,Thorin,PERSON,0.430080831,0,0.100000001
8,Beorn,PERSON,0.275931835,0,0.5
8,Beorn,PERSON,0.031915572,0,0
8,Thorin,PERSON,0.030915374,0,0
8,Gandalf,PERSON,0.587332428,-0.400000006,0.800000012
8,Beorn,OTHER,0.129490972,-0.100000001,0.100000001
8,Beorn,PERSON,0.268773615,0,0
8,Gandalf,PERSON,0.769383252,0,0
8,Beorn,PERSON,0.074189804,0,0
8,Beorn,PERSON,0.074259259,0,0
8,Gandalf,PERSON,0.835456133,0,0.300000012
8,Beorn,OTHER,0.069493107,-0.300000012,0.300000012
8,Beorn,PERSON,0.21959731,0,0
8,Gandalf,PERSON,0.726104438,0.100000001,0.100000001
8,Beorn,PERSON,0.273895532,0.100000001,0.100000001
8,Gandalf,PERSON,0.582248449,0,0
8,Gandalf,PERSON,0.022750771,0,0
8,Bilbo,PERSON,0.142279044,-0.100000001,0.400000006
8,Gandalf,OTHER,0.01532672,0,0
8,Beorn,PERSON,0.274165034,0,0
8,Gandalf,PERSON,0.62476337,0.200000003,0.800000012
8,Gandalf,OTHER,0.104995266,-0.300000012,0.300000012
8,Beorn,PERSON,0.56124866,0,1.299999952
8,Bilbo,PERSON,0.006988149,0.400000006,0.400000006
8,Gandalf,OTHER,0.004477362,0,0
8,Beorn,OTHER,0.021714747,0,0
8,Beorn,PERSON,0.055609584,0.200000003,0.400000006
8,Beorn,PERSON,0.040942181,0,0
8,Gandalf,PERSON,0.019492356,0,0.100000001
8,Beorn,PERSON,0.012115817,0.200000003,0.5
8,Bilbo,PERSON,0.006829884,0,0
8,Thorin,PERSON,0.0676172,-0.100000001,0.200000003
8,Beorn,PERSON,0.029882841,0,0
8,Elrond,PERSON,0.012297739,-0.100000001,0.300000012
8,Beorn,PERSON,0.099062644,0,0.300000012
8,Bilbo,OTHER,0.043929391,-0.400000006,0.400000006
8,Beorn,PERSON,0.892509043,0.200000003,0.200000003
8,Bilbo,PERSON,0.107490957,0,0
8,Gandalf,OTHER,0.292016178,0,0.200000003
8,Beorn,PERSON,0.569475889,0,0.5
8,Bilbo,PERSON,0.001650029,0,0
8,Gandalf,PERSON,0.447456151,0,0.300000012
8,Bilbo,PERSON,0.267463475,0,0.100000001
8,Bilbo,PERSON,0.622218668,0,0.300000012
8,Bilbo,OTHER,0.034920447,0,0
8,Beorn,PERSON,0.53567481,0,0.100000001
8,Bilbo,PERSON,0.276562005,0,0
8,Gandalf,OTHER,0.026236992,0,0.200000003
8,Beorn,PERSON,0.393554091,0,0.400000006
8,Gandalf,OTHER,0.03052594,0,0
8,Beorn,PERSON,0.019329866,0,0
8,Gandalf,PERSON,0.64354074,0,0.200000003
8,Bilbo,OTHER,0.031796347,0,0
8,Beorn,PERSON,0.782863081,0,0.699999988
8,Beorn,PERSON,0.01509906,-0.200000003,0.200000003
8,Bilbo,OTHER,0.052166756,0.300000012,0.300000012
8,Beorn,PERSON,0.191557541,0.100000001,2.799999952
8,Beorn,PERSON,0.232135564,0,0
8,Bilbo,PERSON,0.196729451,0.100000001,0.300000012
8,Gandalf,OTHER,0.18440038,-0.200000003,0.899999976
8,Beorn,PERSON,0.024969945,0,0
8,Gandalf,OTHER,0.08224301,0.100000001,0.100000001
8,Beorn,PERSON,0.08967068,-0.100000001,0.600000024
8,Beorn,PERSON,0.126519158,0,0
8,Beorn,PERSON,0.008841316,-0.100000001,0.100000001
8,Beorn,PERSON,0.183730662,0,0.100000001
8,Bilbo,PERSON,0.008940512,0,0
8,Beorn,PERSON,0.005057083,0,0
8,Gandalf,PERSON,0.415789783,0.100000001,0.200000003
8,Gandalf,OTHER,0.045408871,0.100000001,0.600000024
8,Beorn,PERSON,0.011543537,0.400000006,0.400000006
8,Bilbo,PERSON,0.244891137,0,0
8,Thorin,PERSON,0.822902679,0,0.100000001
8,Gandalf,PERSON,0.146555752,0.200000003,0.800000012
8,Bilbo,PERSON,0.016331879,0.400000006,0.400000006
8,Thorin,PERSON,0.230272293,0,0.100000001
8,Bilbo,PERSON,0.872441649,0,0.100000001
8,Thorin,PERSON,0.015377395,0,0
8,Bilbo,PERSON,0.74746418,0,0.200000003
8,Bilbo,PERSON,0.0987022,0,0
8,Gandalf,PERSON,0.358418882,0.200000003,0.200000003
8,Thorin,PERSON,0.334401697,0.200000003,0.200000003
8,Gandalf,PERSON,0.227472112,0,0.200000003
8,Bilbo,PERSON,0.831511855,0,0.200000003
8,Bilbo,PERSON,0.830012679,0,1.399999976
8,Bilbo,OTHER,0.001114502,0,0
8,Smaug,PERSON,0.698930442,0.200000003,0.200000003
8,Thorin,PERSON,0.743656814,0,0.5
9,Gandalf,PERSON,0.148721471,0,0.100000001
9,Bilbo,PERSON,0.098652236,0,0.600000024
9,Bilbo,PERSON,0.112140216,0,0.200000003
9,Beorn,PERSON,0.361810863,0,0
9,Bilbo,PERSON,0.422716886,0,0
9,Thorin,PERSON,0.130316049,0,0
9,Bilbo,PERSON,0.538305402,0,0.100000001
9,Bilbo,PERSON,0.05289137,0.300000012,0.300000012
9,Thorin,PERSON,0.026979143,0.100000001,0.100000001
9,Bilbo,PERSON,0.254819363,0,0
9,Bilbo,PERSON,0.261432409,0,0
9,Bilbo,PERSON,0.116879337,0,0.100000001
9,Bilbo,PERSON,1,0,0
9,Bilbo,PERSON,0.816820264,0,0.200000003
9,Thorin,PERSON,0.057669926,0.100000001,1
9,Thorin,PERSON,0.028622054,0,0
9,Bilbo,PERSON,0.015168697,0,0
9,Thorin,PERSON,0.087306753,-0.600000024,0.600000024
9,Thorin,OTHER,0.068565942,-0.5,0.5
9,Beorn,PERSON,0.061240517,0,0
9,Thorin,PERSON,0.273383498,0,1.299999952
9,Bilbo,PERSON,0.304590344,-0.200000003,2.599999905
9,Bilbo,PERSON,0.088638663,0,0
9,Thorin,OTHER,0.039712094,0,0
9,Beorn,PERSON,0.077100381,-0.100000001,0.100000001
9,Thorin,PERSON,0.025894532,0,0
9,Bilbo,PERSON,0.026224619,0,0
9,Bilbo,PERSON,0.229861379,0,0.100000001
9,Bilbo,PERSON,0.027608033,0,0
9,Thorin,PERSON,0.620317578,0,0.200000003
9,Bilbo,PERSON,0.006228091,0.300000012,0.300000012
9,Thorin,PERSON,0.371154457,0,0
9,Bilbo,PERSON,0.007909396,0,0
9,Bilbo,PERSON,0.179342479,0.200000003,1
9,Bilbo,PERSON,0.244392708,0,0.100000001
9,Bilbo,PERSON,0.134570047,-0.200000003,0.200000003
9,Beorn,PERSON,0.091587722,-0.200000003,0.200000003
9,Gandalf,PERSON,0.096787825,0,0.300000012
9,Bilbo,PERSON,0.068359017,0,0
9,Bilbo,PERSON,0.1481352,0,0
9,Bilbo,PERSON,0.713236153,0,1.799999952
9,Bilbo,PERSON,0.00825689,0,0
9,Bilbo,PERSON,0.698307097,0,0.300000012
9,Bilbo,PERSON,0.418307245,0,0.600000024
9,Bilbo,PERSON,0.097598694,0,0.100000001
9,Bilbo,PERSON,0.021143422,0,0
9,Bilbo,PERSON,0.491413355,0,0.5
9,Bilbo,PERSON,0.107962184,0,0.200000003
9,Bilbo,PERSON,0.653006136,0,0.300000012
9,Bilbo,PERSON,0.569285095,0,0.800000012
9,Bilbo,PERSON,0.004498968,0,0
9,Bilbo,PERSON,0.147543013,0,0
9,Bilbo,PERSON,0.478269696,0,0.200000003
9,Bilbo,PERSON,0.49981001,0,0.200000003
9,Bilbo,PERSON,0.01226744,0,0
9,Bilbo,PERSON,0.22321412,0,0
9,Bilbo,PERSON,0.140479028,-0.400000006,0.400000006
9,Bilbo,PERSON,0.082783237,-0.200000003,0.600000024
9,Bilbo,PERSON,0.252415478,0,1.100000024
9,Bilbo,PERSON,0.009377591,0,0
9,Gollum,PERSON,0.005898635,0,0
9,Gandalf,PERSON,0.075732209,0,0.200000003
9,Bilbo,PERSON,0.366032332,0.100000001,0.5
9,Bilbo,OTHER,0.356916279,0.100000001,0.100000001
9,Gollum,PERSON,0.010285699,0,0
9,Thorin,PERSON,0.156423151,0,0
9,Thorin,PERSON,0.436170042,0,0.400000006
9,Thorin,PERSON,0.235594884,0,0
9,Bilbo,PERSON,0.37378794,-0.100000001,1.700000048
9,Thorin,OTHER,0.062600322,0,0
9,Thorin,PERSON,1,0,0
9,Thorin,PERSON,0.701704323,-0.100000001,0.300000012
9,Thorin,PERSON,0.640966594,0,1.299999952
10,Thorin,PERSON,0.077076361,0,0
10,Bilbo,PERSON,0.056038838,0,0
10,Bilbo,PERSON,0.126435161,0,0.400000006
10,Bilbo,PERSON,0.441644609,0,0.100000001
10,Bilbo,OTHER,0.014517034,0,0
10,Thorin,PERSON,0.045615256,-0.100000001,0.300000012
10,Thorin,PERSON,0.007501229,0,0
10,Bilbo,PERSON,0.756770909,-0.100000001,6.800000191
10,Bilbo,PERSON,0.007312152,0,0
10,Bilbo,PERSON,0.004040127,0,0
10,Thorin,PERSON,0.610672176,0,1
10,Thorin,PERSON,0.019472735,0,0
10,Bilbo,PERSON,0.373751342,0,0.400000006
10,Thorin,PERSON,0.04808199,0,0
10,Bilbo,PERSON,0.042371184,0,0.100000001
10,Gandalf,PERSON,0.002617476,0,0
10,Bilbo,PERSON,0.814766407,-0.100000001,1.600000024
10,Bilbo,PERSON,0.058817431,0.400000006,0.400000006
10,Bilbo,PERSON,0.057341371,0,0
10,Bilbo,PERSON,0.699082375,0,0
10,Bilbo,PERSON,0.007262933,0.100000001,0.100000001
10,Bilbo,PERSON,0.319936216,0,0.400000006
10,Bilbo,PERSON,0.082294025,0,0.600000024
10,Bilbo,PERSON,0.040833853,0.200000003,0.200000003
10,Bilbo,PERSON,0.109957576,0,0.200000003
10,Bilbo,PERSON,0.156746447,0.100000001,0.100000001
10,Thorin,PERSON,0.61989969,0.100000001,0.5
10,Thorin,PERSON,0.0447479,0.200000003,0.200000003
10,Bilbo,PERSON,0.030390568,0.200000003,0.200000003
10,Gandalf,PERSON,0.776066601,0,0.400000006
10,Bilbo,PERSON,0.942586243,0.100000001,1.399999976
10,Bilbo,PERSON,0.219539449,0,0.100000001
10,Bilbo,PERSON,0.479507744,0.200000003,0.600000024
10,Bilbo,PERSON,0.006851817,0,0
10,Bilbo,PERSON,0.194729179,-0.100000001,0.5
10,Thorin,PERSON,0.188629806,0,0.300000012
10,Bilbo,PERSON,0.424249738,0,0
10,Bilbo,PERSON,0.031829115,-0.200000003,0.200000003
10,Bilbo,PERSON,0.259968847,0,0
10,Bilbo,PERSON,0.256376147,0.100000001,1
10,Bilbo,PERSON,0.144911066,0,0.100000001
10,Bilbo,PERSON,0.222651318,0,0.600000024
10,Bilbo,PERSON,0.010438295,0,0
10,Bilbo,PERSON,0.38887316,0.100000001,1.200000048
11,Bilbo,PERSON,0.018998262,0,0
11,Bilbo,PERSON,0.0175862,-0.100000001,0.200000003
11,Bilbo,PERSON,0.004918183,0,0
11,Gandalf,OTHER,0.00337558,0,0
11,Beorn,PERSON,0.43797037,0,0.5
11,Bilbo,PERSON,0.014299022,0,0
11,Gandalf,PERSON,0.00989667,0,0
11,Thorin,PERSON,0.011175273,0.300000012,0.600000024
11,Bilbo,PERSON,0.030528236,-0.100000001,0.100000001
11,Bilbo,PERSON,0.006811064,-0.200000003,0.200000003
11,Thorin,PERSON,0.729857206,0,0.300000012
11,Bilbo,PERSON,0.566782951,0.100000001,0.300000012
11,Thorin,PERSON,0.056402627,0.300000012,0.300000012
11,Thorin,PERSON,0.056402627,0.200000003,0.200000003
11,Bilbo,PERSON,0.779203713,0.100000001,0.699999988
11,Thorin,PERSON,0.020372191,0.300000012,0.699999988
11,Bilbo,PERSON,0.737686336,0,0.100000001
11,Bilbo,PERSON,0.045081124,0,0
11,Thorin,PERSON,0.328316361,0,0
11,Bilbo,PERSON,0.298306495,0,0
11,Thorin,PERSON,0.008606981,0,0
11,Bilbo,PERSON,0.067994997,0.100000001,0.100000001
11,Thorin,PERSON,0.066197924,0.100000001,0.300000012
11,Bilbo,PERSON,0.084476493,0,0.100000001
11,Thorin,PERSON,0.074391887,0,0
11,Thorin,PERSON,0.130324095,0,0.600000024
11,Thorin,PERSON,0.033599325,0,0.200000003
11,Bilbo,PERSON,0.07970465,0.100000001,0.300000012
11,Thorin,PERSON,0.017254477,0,0
11,Thorin,OTHER,0.003100047,0,0
11,Smaug,PERSON,0.009486995,0,0.100000001
11,Bilbo,OTHER,0.017117722,0,0
11,Smaug,PERSON,0.271053076,0,0
11,Thorin,PERSON,0.654791713,-0.100000001,1
11,Thorin,OTHER,0.007798503,-0.100000001,0.100000001
11,Smaug,OTHER,0.021795806,0,0
11,Smaug,PERSON,0.084392309,-0.100000001,0.100000001
11,Bilbo,PERSON,0.004937235,-0.600000024,0.600000024
12,Bilbo,OTHER,0.023831399,0,0
12,Thorin,PERSON,0.02547718,0.100000001,0.100000001
12,Bilbo,PERSON,0.007854896,0,0
12,Thorin,PERSON,0.026032509,0,0
12,Thorin,PERSON,0.019853085,0,0
12,Bilbo,PERSON,0.013103437,0,0
12,Thorin,PERSON,0.013940725,0,0
12,Elrond,PERSON,0.238883823,0.100000001,0.200000003
12,Bilbo,PERSON,0.137701139,0,0.100000001
12,Thorin,PERSON,0.008349171,0,0
12,Elrond,PERSON,0.078156568,0.100000001,0.200000003
12,Bilbo,PERSON,0.366897017,0,0.100000001
12,Bilbo,PERSON,1,0,0
12,Thorin,PERSON,0.346758187,-0.100000001,1.200000048
12,Bilbo,PERSON,0.537922978,0,0.200000003
12,Bilbo,PERSON,0.341011673,0.100000001,0.300000012
12,Bilbo,PERSON,0.079016164,0.100000001,0.200000003
12,Bilbo,PERSON,0.061379705,-0.200000003,0.200000003
12,Bilbo,PERSON,0.055551026,0,0
12,Thorin,PERSON,1,0,0
12,Thorin,PERSON,0.063674301,-0.300000012,0.300000012
12,Bilbo,PERSON,0.620695889,0.100000001,0.300000012
13,Thorin,PERSON,0.404545784,0,0.5
13,Bilbo,PERSON,0.035979748,0,0.100000001
13,Thorin,PERSON,0.593517601,0,0.699999988
13,Thorin,PERSON,0.075852446,0.300000012,1.200000048
13,Bilbo,PERSON,0.506117046,0,0.300000012
13,Bilbo,PERSON,0.001414435,0,0
13,Thorin,PERSON,0.489920139,0,0.800000012
13,Bilbo,PERSON,0.435909748,0.100000001,0.100000001
13,Bilbo,PERSON,0.36600402,0.100000001,0.300000012
13,Bilbo,OTHER,0.004734693,0.400000006,0.400000006
13,Smaug,PERSON,0.449511349,0.100000001,1
13,Bilbo,OTHER,0.012280154,0,0
13,Smaug,PERSON,0.74138248,-0.100000001,1.5
13,Bilbo,PERSON,0.332944602,0,0.400000006
13,Bilbo,OTHER,0.192032948,0.200000003,0.699999988
13,Smaug,PERSON,0.549061716,-0.200000003,0.200000003
13,Bilbo,PERSON,0.633384526,0,0.100000001
13,Thorin,PERSON,0.018580077,0,0
13,Bilbo,OTHER,0.034556884,0,0
13,Smaug,OTHER,0.062578134,0.100000001,0.100000001
13,Smaug,PERSON,0.340338707,0,0.300000012
13,Thorin,OTHER,0.205145195,0.200000003,0.600000024
13,Smaug,PERSON,0.105558388,0,0
13,Thorin,PERSON,0.004703015,0.100000001,0.100000001
13,Smaug,OTHER,0.055739764,0,0
13,Smaug,PERSON,0.033719759,0,0
13,Bilbo,PERSON,0.684202492,0.100000001,2.099999905
13,Bilbo,OTHER,0.002757404,0,0
13,Smaug,PERSON,0.024483789,0,0
13,Thorin,PERSON,0.013936447,0,0
13,Bilbo,OTHER,0.036216512,0,0
13,Smaug,OTHER,0.056803469,0,0
13,Smaug,PERSON,0.321513832,0,1.799999952
13,Bilbo,PERSON,0.244011775,0,0.100000001
13,Bilbo,PERSON,0.427505642,0.100000001,1.100000024
13,Bilbo,OTHER,0.194135442,0,0.100000001
13,Smaug,PERSON,0.841862977,-0.100000001,0.600000024
13,Bilbo,OTHER,0.040779881,0,0
13,Smaug,PERSON,0.039931454,-0.100000001,0.100000001
13,Bilbo,PERSON,0.79095161,0,0
13,Smaug,OTHER,0.115589976,-0.300000012,0.300000012
13,Smaug,PERSON,0.105123654,0.100000001,0.300000012
13,Bilbo,PERSON,0.782664537,0.200000003,0.200000003
13,Smaug,PERSON,0.05603575,0,0
13,Bilbo,OTHER,0.006645764,0,0
13,Smaug,PERSON,0.336139828,-0.100000001,0.600000024
13,Bilbo,PERSON,0.185900122,-0.100000001,1
13,Smaug,PERSON,0.867137849,0,1.399999976
13,Bilbo,OTHER,0.024449766,0,0
13,Smaug,OTHER,0.21380432,0,0
13,Smaug,OTHER,0.022312574,0,0
13,Smaug,PERSON,0.765239894,-0.200000003,1
13,Bilbo,PERSON,0.058478743,0.100000001,0.200000003
13,Bilbo,OTHER,0.00647878,0.100000001,0.100000001
13,Smaug,OTHER,0.220785812,0,0
13,Smaug,PERSON,0.057682414,0,0
13,Bilbo,PERSON,0.686059654,0,0
13,Bilbo,PERSON,0.811244905,0,0
13,Bilbo,CONSUMER_GOOD,0.025491208,0.200000003,0.200000003
13,Smaug,PERSON,0.843352616,0,0.5
13,Smaug,PERSON,0.751882732,-0.300000012,0.899999976
13,Bilbo,PERSON,0.254044324,0,0
13,Bilbo,OTHER,0.032390952,0,0
13,Smaug,PERSON,0.134679347,0,0
13,Bilbo,PERSON,0.015031697,0,0
13,Bilbo,PERSON,0.060046792,-0.100000001,0.200000003
13,Bilbo,PERSON,0.576178491,-0.100000001,0.400000006
13,Bilbo,PERSON,0.349397123,0,0.200000003
13,Thorin,PERSON,0.062153105,0,0
13,Bilbo,PERSON,0.771186054,0,0.699999988
13,Bilbo,OTHER,0.012719668,0,0
13,Smaug,PERSON,0.027397573,-0.400000006,0.899999976
13,Bilbo,OTHER,0.027340241,0.300000012,0.300000012
13,Smaug,PERSON,0.854498506,0,0.400000006
13,Thorin,PERSON,0.084758997,-0.100000001,0.100000001
13,Bilbo,OTHER,0.022515837,0,0
13,Smaug,OTHER,0.020451803,0,0
13,Smaug,PERSON,0.220113516,0.200000003,0.899999976
13,Bilbo,PERSON,0.185955271,0.100000001,0.699999988
13,Thorin,PERSON,0.038832802,0.400000006,0.400000006
13,Thorin,PERSON,0.355527103,0,0.100000001
13,Thorin,PERSON,0.550701499,0,0.200000003
13,Bilbo,PERSON,0.244700208,0,0.200000003
13,Thorin,OTHER,0.010149265,0,0
13,Smaug,EVENT,0.304365307,-0.100000001,0.300000012
14,Smaug,PERSON,0.532475889,0,0.400000006
14,Thorin,OTHER,0.051969327,-0.100000001,0.200000003
14,Smaug,PERSON,0.432059348,0,0
14,Bilbo,PERSON,0.114955805,0,0
14,Thorin,PERSON,0.072481647,0,0
14,Bilbo,OTHER,0.277693093,0.100000001,0.100000001
14,Smaug,PERSON,0.215819746,0,0.400000006
14,Bilbo,PERSON,0.867948234,-0.100000001,0.200000003
14,Bilbo,OTHER,0.048019677,-0.200000003,0.200000003
14,Smaug,PERSON,0.826844811,0,0
14,Bilbo,OTHER,0.283468366,0,0
14,Smaug,PERSON,0.331563801,0,0
14,Bilbo,PERSON,0.105460279,0,0.100000001
14,Thorin,PERSON,0.020117387,0,0
14,Bilbo,PERSON,0.522899389,0,0.400000006
14,Bilbo,PERSON,0.004032176,0,0
14,Thorin,PERSON,0.096889995,0.200000003,1
14,Bilbo,PERSON,0.315976709,0.100000001,0.400000006
14,Bilbo,PERSON,0.039041299,0.100000001,0.100000001
14,Thorin,PERSON,0.472985446,0.100000001,0.899999976
14,Bilbo,PERSON,0.047645744,0,0
14,Bilbo,OTHER,0.012241879,-0.100000001,0.100000001
14,Smaug,PERSON,0.16606918,0.100000001,0.100000001
14,Thorin,PERSON,0.349456191,0,0
14,Thorin,PERSON,0.115215488,-0.300000012,0.300000012
14,Bilbo,PERSON,0.016903833,0,0
14,Thorin,PERSON,0.148746103,0.100000001,0.600000024
14,Bilbo,OTHER,0.021083219,0.100000001,0.100000001
14,Smaug,PERSON,0.032409053,0.100000001,0.5
14,Thorin,PERSON,0.018458348,0,0
14,Thorin,PERSON,0.145734996,0,0
14,Bilbo,PERSON,0.666049123,0,0.300000012
14,Bilbo,OTHER,0.003367019,0,0
14,Beorn,ORGANIZATION,0.042343598,0.200000003,0.200000003
14,Smaug,PERSON,0.479322314,0.100000001,0.5
14,Thorin,PERSON,0.048185669,0,0
14,Thorin,PERSON,0.026068529,0,0
14,Thorin,PERSON,0.244394407,0,0.100000001
14,Bilbo,PERSON,0.041296169,0.200000003,0.200000003
14,Thorin,PERSON,0.190718234,0,0
14,Thorin,PERSON,0.781790972,0.200000003,0.800000012
14,Bilbo,PERSON,0.824968398,0,0.100000001
14,Bilbo,OTHER,0.003924242,0,0
14,Smaug,PERSON,0.21338129,0,0
14,Bilbo,PERSON,0.780737221,-0.100000001,0.800000012
14,Thorin,PERSON,0.489924997,0,0
14,Bilbo,OTHER,0.106051065,0,0
14,Smaug,PERSON,0.019031098,0,0
14,Bilbo,PERSON,0.021822745,-0.100000001,0.100000001
14,Thorin,OTHER,0.041771408,0,0
14,Smaug,PERSON,0.26207006,0,0
14,Thorin,PERSON,0.819759071,-0.100000001,0.300000012
14,Bilbo,OTHER,0.022273239,0,0
15,Smaug,OTHER,0.148213521,0,0
15,Smaug,OTHER,0.009096785,-0.400000006,0.400000006
15,Smaug,OTHER,0.006118769,0,0
15,Smaug,OTHER,0.01108238,-0.100000001,0.100000001
15,Smaug,OTHER,0.021248052,0,0
15,Smaug,PERSON,0.046847548,0,0.100000001
15,Thorin,OTHER,0.023566561,0,0
15,Smaug,OTHER,0.003033863,0,0
15,Smaug,PERSON,0.002741714,0,0
15,Beorn,OTHER,0.001683125,-0.200000003,0.200000003
16,Smaug,PERSON,0.259996414,0.300000012,0.300000012
16,Bilbo,PERSON,0.075501539,0,0
16,Thorin,PERSON,0.726528883,0,0.100000001
16,Bilbo,OTHER,0.031399913,0,0
16,Smaug,PERSON,0.052873265,0,0.100000001
16,Bilbo,PERSON,0.014332683,0,0
16,Bilbo,PERSON,0.500888348,0,0.100000001
16,Bilbo,PERSON,0.005360286,0,0
16,Thorin,PERSON,0.468648732,0,1
16,Bilbo,OTHER,0.068074368,0,0
16,Smaug,PERSON,0.737924695,0,0
16,Thorin,OTHER,0.007920605,0,0
16,Smaug,PERSON,0.079507113,-0.400000006,0.400000006
16,Thorin,PERSON,0.261571556,-0.200000003,0.200000003
16,Thorin,PERSON,0.66766274,0,0.400000006
16,Bilbo,OTHER,0.028522525,-0.300000012,0.300000012
16,Smaug,PERSON,0.229249597,0,0
16,Thorin,PERSON,0.120323084,0,0
16,Bilbo,PERSON,0.007651386,0,0
16,Thorin,PERSON,0.019170534,0.100000001,0.100000001
16,Bilbo,PERSON,0.586845636,0,0
16,Thorin,PERSON,0.004363455,0,0
16,Bilbo,PERSON,0.740702987,0,0.200000003
16,Thorin,EVENT,0.020353535,0,0.400000006
16,Smaug,PERSON,0.511220574,0,0.300000012
16,Bilbo,PERSON,0.20555681,0,0.5
16,Thorin,PERSON,0.258776397,-0.200000003,0.5
16,Thorin,PERSON,0.06901142,-0.200000003,0.5
16,Smaug,PERSON,0.489710987,0,0.100000001
16,Thorin,PERSON,0.09638232,-0.100000001,0.300000012
16,Thorin,PERSON,0.075854108,-0.100000001,0.699999988
17,Bilbo,PERSON,0.051622488,0,0
17,Thorin,PERSON,0.63683176,0,0.100000001
17,Bilbo,PERSON,0.551467538,0,0.5
17,Thorin,PERSON,0.684715986,0,0.300000012
17,Bilbo,PERSON,1,0.100000001,0.100000001
17,Bilbo,PERSON,0.057981934,0,0
17,Thorin,PERSON,0.836371601,0,1.200000048
17,Bilbo,PERSON,0.843143761,0.400000006,1.299999952
17,Bilbo,PERSON,0.927082598,0,0
17,Bilbo,PERSON,0.660312474,0.100000001,1.5
17,Bilbo,PERSON,0.001685608,0.400000006,0.400000006
17,Thorin,PERSON,0.53864336,0,0.100000001
17,Bilbo,PERSON,0.739763439,0,0.100000001
17,Bilbo,PERSON,0.058163736,0,0
17,Thorin,PERSON,0.464234829,0.100000001,0.300000012
17,Bilbo,PERSON,0.743413866,-0.100000001,2.200000048
17,Bilbo,PERSON,0.004115296,-0.100000001,0.100000001
17,Thorin,PERSON,0.596303284,0,0.300000012
17,Bilbo,PERSON,0.817437887,0,0.800000012
17,Bilbo,PERSON,0.477791488,0.100000001,0.600000024
17,Bilbo,PERSON,0.013633921,0,0
17,Thorin,PERSON,0.516603231,0.100000001,0.300000012
17,Bilbo,PERSON,0.832151175,0.100000001,1.399999976
17,Bilbo,PERSON,0.203587905,0.100000001,0.100000001
17,Bilbo,PERSON,0.095439322,0,0
17,Gandalf,PERSON,0.098167233,0.5,0.5
17,Bilbo,PERSON,0.818323195,0.100000001,0.300000012
17,Gandalf,PERSON,0.717435062,0.100000001,0.5
18,Bilbo,PERSON,0.021517225,0,0
18,Thorin,PERSON,0.526341677,0,0.100000001
18,Thorin,PERSON,0.678020597,0,0.400000006
18,Thorin,PERSON,0.451360226,-0.200000003,0.200000003
18,Thorin,PERSON,0.210140347,-0.300000012,0.300000012
18,Thorin,PERSON,0.821537197,-0.200000003,0.5
18,Bilbo,PERSON,0.856627226,-0.100000001,0.800000012
18,Thorin,PERSON,0.010363762,-0.100000001,0.100000001
18,Bilbo,PERSON,0.580535769,-0.100000001,1.700000048
18,Gandalf,PERSON,0.00737116,0.200000003,0.200000003
18,Bilbo,PERSON,0.048176128,0,0
18,Gandalf,PERSON,0.390050977,-0.100000001,0.200000003
18,Thorin,PERSON,0.066692233,0,0
18,Bilbo,PERSON,0.191400573,0,0
18,Bilbo,PERSON,0.036487415,0,0
18,Thorin,PERSON,0.889385939,0,1.200000048
18,Thorin,PERSON,0.361942589,0,0
18,Bilbo,PERSON,0.378351331,0,0
18,Bilbo,PERSON,0.07865537,-0.100000001,0.100000001
18,Gandalf,PERSON,0.295201182,0,0
18,Thorin,PERSON,0.558573484,-0.100000001,0.5
18,Bilbo,PERSON,0.048762895,0,0
18,Thorin,PERSON,0.733188033,0,0.800000012
18,Thorin,PERSON,0.365223229,0,0.100000001
18,Thorin,PERSON,0.004519728,0.100000001,0.100000001
18,Bilbo,PERSON,0.004456865,0,0
18,Thorin,PERSON,0.0293038,-0.300000012,0.300000012
18,Thorin,PERSON,0.435464114,0,0.100000001
18,Gandalf,PERSON,0.031815816,0,0
18,Gandalf,PERSON,0.323396534,0,0
18,Gandalf,PERSON,0.0057656,0,0
18,Gandalf,OTHER,0.001401116,0.200000003,0.200000003
18,Smaug,PERSON,0.001676292,0,0
18,Gandalf,PERSON,0.334659129,0,0.300000012
18,Bilbo,PERSON,0.029835427,-0.100000001,0.100000001
18,Thorin,PERSON,0.147740901,0.400000006,1.399999976
18,Thorin,PERSON,0.038866811,0,0.100000001
18,Thorin,PERSON,0.650668502,0,0.600000024
18,Bilbo,PERSON,0.002733887,0,0
18,Gandalf,PERSON,0.701242864,0,0.699999988
18,Bilbo,PERSON,0.012865035,-0.200000003,0.5
18,Smaug,PERSON,0.246412814,0.200000003,1
18,Bilbo,PERSON,0.317795902,0.600000024,0.600000024
18,Bilbo,PERSON,0.560578942,0.100000001,0.400000006
18,Bilbo,PERSON,0.51669991,0.100000001,0.5
19,Bilbo,PERSON,0.884634256,0,0.300000012
19,Bilbo,PERSON,0.047564935,0,0
19,Bilbo,PERSON,0.752572417,0.200000003,1.399999976
19,Bilbo,PERSON,0.13987124,0,0
19,Bilbo,PERSON,0.097201973,0,0
19,Thorin,PERSON,0.025215318,0,0
19,Gandalf,PERSON,0.677077472,-0.100000001,1.200000048
19,Bilbo,PERSON,0.167723551,0,0.100000001
19,Gandalf,PERSON,0.058349349,0,0
19,Bilbo,PERSON,0.738373339,0.100000001,0.200000003
19,Bilbo,PERSON,0.140609637,0.100000001,0.100000001
19,Gandalf,PERSON,0.356887043,0,0.100000001
19,Thorin,PERSON,0.01241007,0,0
19,Bilbo,PERSON,0.35074833,0,0.100000001
19,Bilbo,PERSON,0.216428563,-0.100000001,0.100000001
19,Thorin,PERSON,0.75374198,0,1.899999976
19,Bilbo,PERSON,0.00361023,0.200000003,0.200000003
19,Thorin,PERSON,0.354740232,-0.200000003,1.799999952
19,Bilbo,PERSON,0.686341286,0,0.5
19,Beorn,PERSON,0.068566598,0,0
19,Thorin,OTHER,0.003073185,0,0
19,Beorn,PERSON,0.097724453,0,0
19,Bilbo,PERSON,0.634234011,0,0
19,Gandalf,PERSON,0.314102679,0,0
19,Bilbo,PERSON,0.251522928,0.100000001,0.100000001
19,Bilbo,PERSON,0.087877482,0,0
19,Thorin,PERSON,0.031129729,0,0
19,Thorin,PERSON,0.029373832,0,0
19,Bilbo,PERSON,0.019238638,0,0
19,Thorin,PERSON,0.25614956,0.200000003,0.200000003
19,Bilbo,PERSON,0.773542464,0,0.100000001
19,Bilbo,PERSON,0.347560316,0.100000001,0.200000003
19,Gandalf,PERSON,0.213586941,0,0.300000012
19,Bilbo,OTHER,0.045771327,0.100000001,0.200000003
19,Beorn,PERSON,0.117464878,0,0
19,Gandalf,PERSON,0.685628712,0.100000001,0.5
19,Gandalf,PERSON,0.462371171,0,0
19,Bilbo,PERSON,0.801178455,0,0.300000012
19,Bilbo,PERSON,0.356227666,0,0
19,Bilbo,OTHER,0.157226056,0,0.400000006
19,Beorn,PERSON,0.020428114,0,0
19,Gandalf,PERSON,0.00539225,0,0
19,Bilbo,PERSON,0.378771186,0,0
19,Bilbo,OTHER,0.058366299,0,0
19,Beorn,PERSON,0.033008881,0,0
19,Gandalf,PERSON,0.493457943,0,0.400000006
20,Bilbo,PERSON,0.029554391,0,0.100000001
20,Bilbo,PERSON,0.048643723,0,0
20,Elrond,PERSON,0.014667853,0,0
20,Gandalf,PERSON,0.014667853,0,0
20,Bilbo,OTHER,0.084955975,0,0
20,Beorn,PERSON,0.717280447,0.100000001,0.400000006
20,Gandalf,PERSON,0.018101944,0,0
20,Elrond,PERSON,0.774152696,0,0.100000001
20,Gandalf,PERSON,0.677174032,0,0
20,Elrond,PERSON,0.17576474,0.100000001,0.300000012
20,Bilbo,PERSON,0.221206844,0,0
20,Bilbo,PERSON,0.094520628,0.300000012,0.300000012
20,Elrond,PERSON,0.013761131,0,0
20,Elrond,PERSON,0.009640031,0,0
20,Gandalf,PERSON,0.562302411,0.100000001,0.300000012
20,Bilbo,PERSON,0.260080099,0,0
20,Gandalf,PERSON,0.103416026,0,0
20,Bilbo,PERSON,0.34446308,0,0.100000001
20,Bilbo,PERSON,0.33635512,0,0.200000003
20,Bilbo,PERSON,0.011639275,0,0
20,Gandalf,PERSON,0.012152577,0.200000003,0.200000003
20,Elrond,PERSON,0.152534276,0,0.200000003
20,Bilbo,PERSON,0.727173805,0.100000001,0.400000006
20,Gandalf,PERSON,0.029015824,0.400000006,0.400000006
20,Bilbo,PERSON,0.098351158,0.100000001,0.100000001
20,Bilbo,PERSON,0.028440284,0,0
20,Bilbo,PERSON,0.150872678,0,0.100000001
20,Bilbo,PERSON,0.1008614,0,0
20,Bilbo,PERSON,0.386396468,0.100000001,1.399999976
20,Bilbo,PERSON,0.820085943,-0.200000003,2.299999952
20,Bilbo,PERSON,0.56010747,0,0
20,Bilbo,PERSON,0.014330117,0,0
20,Gandalf,PERSON,0.726784408,0,0
20,Bilbo,PERSON,0.089367479,0,0
20,Bilbo,PERSON,0.092409655,0,0
20,Bilbo,PERSON,0.685167789,0.100000001,2.400000095
20,Bilbo,PERSON,0.060698029,0,0
20,Gandalf,PERSON,0.409470558,0.100000001,0.200000003
